loc_code,general_hh_apt_inc,foreign_hh_apt_inc,demolished_apt_inc,natural_demand,internal_invest_demand,avg_trade_price_y3,multi_homeowner_inc_y3,local_buyer_ratio_y3,internal_invest_demand_3yr_wgt_y3,internal_invest_demand_y1,internal_invest_demand_y2,external_invest_demand,absorbed_supply_y3,nonlocal_buyer_ratio_y3,external_invest_demand_3yr_wgt_y3,external_invest_demand_y1,external_invest_demand_y2,total_invest_demand,new_demand_volume,own_hh_apt_move_demand,py_bprice_y3,bprice_threshold_ratio,income_quintile,own_hh_ratio,own_move_plan_yn,rent_hh_apt_move_demand,rent_hh_ratio,rent_move_plan_yn,nonapt_move_demand,nonapt_hh_ratio,nonapt_move_plan_yn,nonapt_price_adj,total_move_demand,single_and_foreign_hh_inc,single_foreign_own_occ_ratio,multi_hh_and_demolished_hh_inc,multi_demolished_own_occ_ratio,hh_increase_demand,unsold_level_ratio,unsold_level_adj_ratio,total_invest_demand_eff,effective_demand,supply_volume_3y,effective_demand_to_supply,supply_demand_grade,base_date
51000,6620,129,8,6758,287,755,3540,0.7,0.5,-11,187,361,1871,0.29,0.5,499,434,649,7407,2530,1377,0.55,0.67,0.74,0.05,1436,0.26,0.2,728,0.76,0.4,0.6,4695,6281,0.3,6628,0.7,4408,0.01,0.6,389,9494,5499,0.57,A,202402
51150,769,22,0,791,40,809,497,0.67,0.5,6,23,30,113,0.32,0.5,40,42,71,862,308,1498,0.55,0.63,0.74,0.05,134,0.26,0.2,71,0.67,0.4,0.6,514,778,0.3,769,0.7,492,0.02,0.4,28,1035,811,0.78,A,202402
51820,34,0,0,35,7,744,116,0.45,0.5,0,7,24,0,0.54,0.5,62,10,31,67,39,1257,0.55,0.72,0.74,0.05,22,0.26,0.2,50,3.39,0.4,0.6,112,28,0.3,34,0.7,23,0,1,31,168,0,0,S,202402
51170,422,-1,0,421,,559,95,0.66,0.5,,,,5,0.33,0.5,,,,,0,0,0.55,0,0.74,0.05,0,0.26,0.2,0,0.5,0.4,0.6,0,459,0.3,422,0.7,0,0,1,,,0,,,202402
51230,56,2,8,68,,548,204,0.69,0.5,,,,-38,0.3,0.5,,,,,0,0,0.55,0,0.74,0.05,0,0.26,0.2,0,1.09,0.4,0.6,0,139,0.3,65,0.7,0,0,1,,,139,,,202402
51210,558,9,0,567,13,834,195,0.59,0.5,4,8,3,-333,0.4,0.5,10,30,16,584,126,1762,0.55,0.5,0.74,0.05,2,0.26,0.2,12,0.4,0.4,0.6,141,510,0.3,558,0.7,272,0.03,0.4,6,421,649,1.54,C,202402
51800,-3,3,0,0,0,570,49,0.74,0.5,0,0,,100,0.25,0.5,,,,,0,0,0.55,0,0.74,0.05,0,0.26,0.2,0,1.99,0.4,0.6,0,10,0.3,-3,0.7,0,0,1,,,0,,,202402
51830,88,2,0,91,8,732,153,0.47,0.5,0,3,14,42,0.52,0.5,11,25,22,113,44,1248,0.55,0.69,0.74,0.05,41,0.26,0.2,38,1.88,0.4,0.6,124,77,0.3,88,0.7,59,0.01,0.6,13,198,93,0.46,S,202402
51750,60,1,0,61,0,577,98,0.68,0.5,0,0,,0,0.31,0.5,,,,,0,0,0.55,0,0.74,0.05,0,0.26,0.2,0,3.04,0.4,0.6,0,71,0.3,60,0.7,0,0,1,,,0,,,202402
51130,3084,51,0,3135,35,727,612,0.73,0.5,-31,11,188,1906,0.26,0.5,287,136,223,3359,881,1308,0.55,0.73,0.74,0.05,519,0.26,0.2,104,0.31,0.4,0.6,1505,2317,0.3,3084,0.7,2102,0.01,0.6,134,3742,2300,0.61,A,202402
51810,62,1,0,63,0,626,144,0.72,0.5,0,0,-3,-112,0.27,0.5,0,0,-3,60,20,988,0.55,0.89,0.74,0.05,10,0.26,0.2,16,2.24,0.4,0.6,47,55,0.3,62,0.7,53,0.02,0.4,-1,100,43,0.42,S,202402
51770,46,1,0,48,,413,73,0.79,0.5,,,,32,0.2,0.5,,,,,0,0,0.55,0,0.74,0.05,0,0.26,0.2,0,1.98,0.4,0.6,0,79,0.3,46,0.7,0,0,0.8,,,0,,,202402
51780,15,0,0,15,,492,96,0.88,0.5,,,,22,0.11,0.5,,,,,0,0,0.55,0,0.74,0.05,0,0.26,0.2,0,2.24,0.4,0.6,0,52,0.3,15,0.7,0,0,1,,,0,,,202402
51110,1761,10,0,1771,40,915,259,0.78,0.5,9,51,73,75,0.21,0.5,52,163,113,1884,527,1568,0.55,0.65,0.74,0.05,385,0.26,0.2,94,0.43,0.4,0.6,1007,1530,0.3,1761,0.7,1102,0,1,113,2223,1316,0.59,A,202402
51190,0,3,0,3,0,409,139,0.65,0.5,0,0,,0,0.34,0.5,,,,,0,0,0.55,0,0.74,0.05,0,0.26,0.2,0,0.75,0.4,0.6,0,139,0.3,0,0.7,0,0,1,,,0,,,202402
51760,50,4,0,54,,602,139,0.38,0.5,,,,52,0.61,0.5,,,,,0,0,0.55,0,0.74,0.05,0,0.26,0.2,0,2.81,0.4,0.6,0,61,0.3,50,0.7,0,0.03,0.4,,,0,,,202402
51720,111,1,0,113,22,627,291,0.73,0.5,-7,27,3,0,0.26,0.5,7,4,26,140,33,1408,0.55,0.6,0.74,0.05,4,0.26,0.2,23,2.6,0.4,0.6,62,131,0.3,111,0.7,70,0,1,26,159,146,0.91,A,202402
51790,3,0,0,3,0,746,62,0.75,0.5,0,0,,0,0.24,0.5,,,,,0,0,0.55,0,0.74,0.05,0,0.26,0.2,0,2.18,0.4,0.6,0,17,0.3,3,0.7,0,0,1,,,0,,,202402
51730,94,3,0,98,,622,318,0.66,0.5,,,,7,0.33,0.5,,,,,0,0,0.55,0,0.74,0.05,0,0.26,0.2,0,3.41,0.4,0.6,0,81,0.3,94,0.7,0,0,1,,,0,,,202402
41000,87614,938,3508,92060,747,1715,16196,0.53,0.5,-1556,128,9840,24490,0.46,0.5,12843,11798,10588,102648,40540,2014,0.55,0.59,0.74,0.05,22358,0.26,0.2,6321,0.41,0.4,0.6,69220,61523,0.3,91122,0.7,48689,0,1,10588,128497,82240,0.64,A,202402
41820,92,0,0,93,11,756,177,0.61,0.5,-7,10,0,-252,0.38,0.5,24,0,10,104,46,1333,0.55,0.65,0.74,0.05,13,0.26,0.2,54,3.81,0.4,0.6,114,83,0.3,92,0.7,58,0.02,0.4,4,177,310,1.74,C,202402
41281,4883,7,51,4941,38,1670,811,0.53,0.5,-32,-8,246,2180,0.46,0.5,370,0,285,5227,1074,2302,0.55,0.5,0.74,0.05,657,0.26,0.2,137,0.33,0.4,0.6,1869,3158,0.3,4934,0.7,2235,0,1,285,4389,1588,0.36,S,202402
41285,1022,0,0,1023,2,1602,137,0.46,0.5,-13,0,245,529,0.53,0.5,209,430,247,1270,450,2368,0.55,0.58,0.74,0.05,227,0.26,0.2,52,0.32,0.4,0.6,730,1011,0.3,1022,0.7,596,0,1,247,1575,2911,1.84,C,202402
41287,1286,8,0,1294,0,1362,-65,0.49,0.5,0,0,,0,0.5,0.5,,,,,0,0,0.55,0,0.74,0.05,0,0.26,0.2,0,0.12,0.4,0.6,0,1211,0.3,1286,0.7,0,0,1,,,133,,,202402
41290,1064,-1,470,1533,29,5735,14,0.44,0.5,42,40,69,0,0.55,0.5,197,11,98,1632,361,4342,0.55,0.65,0.74,0.05,350,0.26,0.2,58,0.34,0.4,0.6,769,181,0.3,1535,0.7,734,0,1,98,1603,1560,0.97,A,202402
41210,-1259,-35,761,-534,1,2459,-27,0.44,0.5,0,9,1041,4031,0.55,0.5,576,1623,1043,508,670,2977,0.55,0.4,0.74,0.05,238,0.26,0.2,82,0.37,0.4,0.6,991,173,0.3,-498,0.7,-119,0,1,1043,1915,7305,3.81,C,202402
41610,1555,9,0,1564,17,1250,613,0.54,0.5,-57,-3,95,-676,0.45,0.5,371,21,112,1677,807,1833,0.55,0.6,0.74,0.05,416,0.26,0.2,459,1.56,0.4,0.6,1682,851,0.3,1555,0.7,816,0,0.8,90,2588,1460,0.56,A,202402
41310,310,2,3,316,6,2159,165,0.45,0.5,0,-3,191,0,0.54,0.5,219,356,198,515,281,3334,0.55,0.31,0.74,0.05,5,0.26,0.2,18,0.27,0.4,0.6,306,706,0.3,314,0.7,134,0,1,198,639,2517,3.93,C,202402
41410,991,1,24,1017,-10,1651,54,0.55,0.5,-43,0,14,0,0.44,0.5,0,43,4,1021,975,1858,0.55,0.62,0.74,0.05,649,0.26,0.2,88,0.22,0.4,0.6,1714,1382,0.3,1015,0.7,704,0,1,4,2422,1099,0.45,S,202402
41570,6015,44,180,6240,38,1349,158,0.54,0.5,88,0,117,1514,0.45,0.5,0,127,156,6397,1486,2074,0.55,0.6,0.74,0.05,337,0.26,0.2,90,0.2,0.4,0.6,1914,3112,0.3,6195,0.7,3198,0,1,156,5270,3735,0.7,A,202402
41360,6137,24,350,6512,11,1425,236,0.6,0.5,-9,0,474,1042,0.39,0.5,803,487,486,6998,1315,2233,0.55,0.5,0.74,0.05,785,0.26,0.2,147,0.29,0.4,0.6,2249,3518,0.3,6487,0.7,2802,0,1,486,5537,2767,0.49,S,202402
41250,186,4,60,251,0,627,96,0.57,0.5,0,0,,41,0.42,0.5,,,,,0,0,0.55,0,0.74,0.05,0,0.26,0.2,0,0.71,0.4,0.6,0,380,0.3,246,0.7,0,0,1,,,0,,,202402
41190,810,104,0,915,-35,1718,301,0.61,0.5,-177,0,267,1824,0.38,0.5,302,231,232,1148,1376,2221,0.55,0.47,0.74,0.05,641,0.26,0.2,352,0.72,0.4,0.6,2370,1996,0.3,810,0.7,548,0,1,232,3151,2214,0.7,A,202402
41135,900,0,3,904,-72,3826,42,0.49,0.5,-232,0,84,242,0.5,0.5,114,45,12,916,1925,2484,0.55,0.67,0.74,0.05,1856,0.26,0.2,116,0.12,0.4,0.6,3898,1467,0.3,903,0.7,722,0,1,12,4632,970,0.2,S,202402
41131,529,1,3,534,1,3248,151,0.3,0.5,-17,0,224,1270,0.69,0.5,214,25,225,760,267,3317,0.55,0.31,0.74,0.05,185,0.26,0.2,108,0.99,0.4,0.6,560,600,0.3,533,0.7,175,0,1,225,961,1946,2.02,C,202402
41133,376,-3,0,372,23,2430,635,0.38,0.5,-11,0,3,0,0.61,0.5,7,3,26,399,263,3630,0.55,0.41,0.74,0.05,24,0.26,0.2,74,1.08,0.4,0.6,362,493,0.3,376,0.7,172,0,1,26,562,758,1.34,B,202402
41113,530,12,0,542,12,1463,84,0.49,0.5,-36,57,162,460,0.5,0.5,169,221,175,718,914,1725,0.55,0.43,0.74,0.05,524,0.26,0.2,134,0.38,0.4,0.6,1573,605,0.3,530,0.7,240,0,1,175,1989,1498,0.75,A,202402
41117,6419,111,0,6530,-49,2248,-79,0.41,0.5,-103,-33,68,580,0.58,0.5,88,0,18,6549,716,3237,0.55,0.49,0.74,0.05,332,0.26,0.2,23,0.09,0.4,0.6,1071,5199,0.3,6419,0.7,3012,0,1,18,4102,1612,0.39,S,202402
41111,1093,12,108,1214,16,1653,486,0.48,0.5,-17,2,15,285,0.51,0.5,7,0,31,1245,233,3085,0.55,0.36,0.74,0.05,39,0.26,0.2,34,0.52,0.4,0.6,307,1646,0.3,1201,0.7,489,0,1,31,829,1139,1.37,B,202402
41115,3651,5,240,3897,32,1867,588,0.34,0.5,11,3,87,162,0.65,0.5,34,184,120,4017,519,2281,0.55,0.5,0.74,0.05,183,0.26,0.2,127,0.75,0.4,0.6,830,2732,0.3,3892,0.7,1776,0,1,120,2726,438,0.16,S,202402
41390,2689,15,40,2745,19,1390,690,0.62,0.5,-55,-42,253,-9,0.37,0.5,464,297,273,3019,1438,1902,0.55,0.59,0.74,0.05,506,0.26,0.2,118,0.25,0.4,0.6,2063,1367,0.3,2730,0.7,1387,0,1,273,3724,2263,0.6,A,202402
41273,5901,-848,0,5053,0,1641,315,0.58,0.5,-50,-13,103,472,0.41,0.5,126,119,103,5156,513,2459,0.55,0.45,0.74,0.05,56,0.26,0.2,81,0.59,0.4,0.6,650,1343,0.3,5901,0.7,2069,0,1,103,2822,507,0.17,S,202402
41271,-2261,478,0,-1782,0,1392,-84,0.6,0.5,0,0,,0,0.39,0.5,,,,,0,0,0.55,0,0.74,0.05,0,0.26,0.2,0,1.4,0.4,0.6,0,1958,0.3,-2261,0.7,0,0,1,,,44,,,202402
41550,1087,95,0,1182,13,729,366,0.53,0.5,-8,-6,248,392,0.46,0.5,242,453,262,1444,461,1301,0.55,0.76,0.74,0.05,124,0.26,0.2,88,0.63,0.4,0.6,673,917,0.3,1087,0.7,788,0.01,0.6,157,1620,1129,0.69,A,202402
41173,977,-2,407,1383,13,2421,507,0.42,0.5,-70,45,208,458,0.57,0.5,76,470,222,1605,569,4014,0.55,0.39,0.74,0.05,19,0.26,0.2,25,0.17,0.4,0.6,614,1178,0.3,1385,0.7,525,0,1,222,1362,2478,1.81,C,202402
41171,216,0,557,773,3,1813,281,0.51,0.5,0,-36,154,0,0.48,0.5,428,34,157,931,339,2763,0.55,0.39,0.74,0.05,30,0.26,0.2,57,0.64,0.4,0.6,426,588,0.3,773,0.7,284,0,1,157,869,998,1.14,B,202402
41630,3959,18,0,3977,152,1010,2495,0.46,0.5,9,31,344,265,0.53,0.5,663,319,497,4475,844,1412,0.55,0.67,0.74,0.05,251,0.26,0.2,80,0.3,0.4,0.6,1177,1800,0.3,3959,0.7,2252,0,0.8,397,3827,4106,1.07,B,202402
41830,220,0,0,221,51,1079,672,0.53,0.5,2,27,35,541,0.46,0.5,18,1,86,307,129,1579,0.55,0.59,0.74,0.05,11,0.26,0.2,159,4.7,0.4,0.6,300,115,0.3,220,0.7,113,0,0.8,69,482,433,0.89,A,202402
41670,372,4,0,377,24,751,418,0.6,0.5,-5,16,24,763,0.39,0.5,0,0,48,426,96,1551,0.55,0.62,0.74,0.05,85,0.26,0.2,79,1.82,0.4,0.6,261,270,0.3,372,0.7,213,0,1,48,524,504,0.96,A,202402
41800,34,0,0,35,0,565,179,0.62,0.5,0,0,,91,0.37,0.5,,,,,0,0,0.55,0,0.74,0.05,0,0.26,0.2,0,2.27,0.4,0.6,0,62,0.3,34,0.7,0,0,0.8,,,0,,,202402
41370,2022,59,0,2082,-7,1119,160,0.47,0.5,-27,-21,332,580,0.52,0.5,526,367,324,2406,831,1642,0.55,0.67,0.74,0.05,344,0.26,0.2,64,0.22,0.4,0.6,1241,1635,0.3,2022,0.7,1291,0.01,0.6,194,2727,3536,1.29,B,202402
41463,2662,15,0,2678,0,1521,217,0.46,0.5,0,-27,76,472,0.53,0.5,23,134,76,2754,973,2679,0.55,0.51,0.74,0.05,189,0.26,0.2,41,0.14,0.4,0.6,1203,1892,0.3,2662,0.7,1263,0,1,76,2543,547,0.21,S,202402
41465,2695,27,0,2722,-6,2043,-104,0.36,0.5,0,-4,23,0,0.63,0.5,61,8,16,2738,1769,2381,0.55,0.68,0.74,0.05,1498,0.26,0.2,58,0.07,0.4,0.6,3326,1415,0.3,2695,0.7,1572,0,1,16,4915,175,0.03,S,202402
41461,1215,17,0,1232,14,1129,606,0.52,0.5,-21,-34,213,1480,0.47,0.5,380,36,228,1460,518,1780,0.55,0.58,0.74,0.05,139,0.26,0.2,187,1.19,0.4,0.6,845,808,0.3,1215,0.7,643,0,1,228,1717,3351,1.95,C,202402
41430,923,-4,14,933,4,2091,46,0.54,0.5,-39,41,264,0,0.45,0.5,397,396,269,1202,668,2102,0.55,0.61,0.74,0.05,546,0.26,0.2,76,0.26,0.4,0.6,1292,492,0.3,938,0.7,490,0,1,269,2052,2703,1.31,B,202402
41150,3742,28,0,3771,47,1206,838,0.56,0.5,-31,23,198,1171,0.43,0.5,252,182,245,4016,976,1917,0.55,0.54,0.74,0.05,160,0.26,0.2,85,0.31,0.4,0.6,1221,2768,0.3,3742,0.7,1879,0,1,245,3346,2656,0.79,A,202402
41500,1039,15,0,1055,17,870,303,0.69,0.5,-2,2,144,464,0.3,0.5,153,243,161,1216,231,1763,0.55,0.61,0.74,0.05,129,0.26,0.2,80,0.93,0.4,0.6,441,795,0.3,1039,0.7,594,0.03,0.2,32,1067,2941,2.75,C,202402
41480,4417,28,0,4445,60,1129,551,0.62,0.5,31,17,433,1418,0.37,0.5,730,366,494,4940,1405,1463,0.55,0.72,0.74,0.05,1137,0.26,0.2,246,0.4,0.4,0.6,2789,2397,0.3,4417,0.7,2760,0,1,494,6043,2150,0.35,S,202402
41220,7756,89,105,7950,33,1056,892,0.62,0.5,-85,1,983,2282,0.37,0.5,1018,1651,1017,8968,1641,1602,0.55,0.67,0.74,0.05,233,0.26,0.2,215,0.47,0.4,0.6,2090,4450,0.3,7861,0.7,4598,0.01,0.4,406,7095,11152,1.57,C,202402
41650,199,12,0,211,16,661,271,0.7,0.5,0,0,6,-37,0.29,0.5,0,21,22,234,100,1312,0.55,0.66,0.74,0.05,1,0.26,0.2,40,1.63,0.4,0.6,142,259,0.3,199,0.7,144,0,1,22,309,145,0.47,S,202402
41450,5447,4,0,5451,56,2804,226,0.46,0.5,-3,108,53,0,0.53,0.5,9,149,110,5561,1406,2222,0.55,0.6,0.74,0.05,1551,0.26,0.2,86,0.12,0.4,0.6,3045,2532,0.3,5447,0.7,2754,0,1,110,5910,386,0.06,S,202402
41590,14469,105,127,14702,152,1702,1774,0.57,0.5,-183,128,847,740,0.42,0.5,1210,1171,999,15702,4331,1688,0.55,0.72,0.74,0.05,3732,0.26,0.2,443,0.22,0.4,0.6,8507,6996,0.3,14597,0.7,8978,0,1,999,18484,4061,0.21,S,202402
48000,10374,208,1177,11761,1,798,1168,0.68,0.5,21,-266,548,218,0.31,0.5,1095,529,550,12311,7658,1285,0.55,0.77,0.74,0.05,5382,0.26,0.2,1928,0.61,0.4,0.6,14969,11633,0.3,11552,0.7,8931,0,0.8,440,24341,5745,0.23,S,202402
48310,474,58,59,592,-7,522,111,0.67,0.5,-4,-32,40,92,0.32,0.5,41,73,32,624,150,1400,0.55,0.75,0.74,0.05,58,0.26,0.2,21,0.42,0.4,0.6,231,758,0.3,533,0.7,452,0,0.8,25,709,725,1.02,B,202402
48880,92,1,0,93,14,649,239,0.77,0.5,5,-6,5,15,0.22,0.5,16,0,20,114,37,1337,0.55,0.68,0.74,0.05,1,0.26,0.2,21,2.27,0.4,0.6,60,111,0.3,92,0.7,67,0,1,20,148,16,0.1,S,202402
48820,13,1,60,75,9,508,96,0.72,0.5,0,8,4,68,0.27,0.5,5,3,13,89,42,916,0.55,0.95,0.74,0.05,17,0.26,0.2,51,3.57,0.4,0.6,110,32,0.3,73,0.7,58,0.02,0.4,5,174,12,0.07,S,202402
48250,3043,42,21,3107,-12,741,194,0.7,0.5,-22,-50,94,244,0.29,0.5,133,131,81,3189,920,1447,0.55,0.71,0.74,0.05,293,0.26,0.2,81,0.27,0.4,0.6,1295,2477,0.3,3064,0.7,2075,0,0.8,65,3436,1620,0.47,S,202402
48840,3,0,0,4,4,515,104,0.81,0.5,0,0,0,-76,0.18,0.5,1,1,4,8,0,1715,0.55,0.49,0.74,0.05,0,0.26,0.2,0,10.14,0.4,0.6,0,16,0.3,3,0.7,3,0.02,0.4,1,6,25,4.18,C,202402
48270,201,10,0,212,15,651,160,0.73,0.5,22,0,10,55,0.26,0.5,24,3,26,238,70,1502,0.55,0.59,0.74,0.05,11,0.26,0.2,33,1.71,0.4,0.6,116,226,0.3,201,0.7,123,0.01,0.6,15,255,92,0.36,S,202402
48240,308,12,259,579,4,528,78,0.66,0.5,6,-4,17,55,0.33,0.5,44,4,22,602,135,1151,0.55,0.8,0.74,0.05,59,0.26,0.2,44,0.94,0.4,0.6,239,399,0.3,567,0.7,413,0.01,0.4,9,662,0,0,S,202402
48860,10,0,0,11,8,625,100,0.83,0.5,0,0,1,-49,0.16,0.5,2,4,10,21,10,1031,0.55,0.8,0.74,0.05,1,0.26,0.2,31,11.34,0.4,0.6,43,13,0.3,10,0.7,9,0.02,0.4,4,56,25,0.45,S,202402
48330,2463,23,360,2847,57,776,513,0.68,0.5,23,40,96,933,0.31,0.5,195,3,154,3002,1260,1256,0.55,0.76,0.74,0.05,549,0.26,0.2,72,0.16,0.4,0.6,1882,1893,0.3,2824,0.7,1953,0,1,154,3989,534,0.13,S,202402
48720,8,0,0,8,1,643,21,0.82,0.5,0,0,0,0,0.17,0.5,0,1,2,11,12,946,0.55,0.9,0.74,0.05,1,0.26,0.2,28,8.75,0.4,0.6,41,15,0.3,8,0.7,9,0,1,2,53,13,0.24,S,202402
48170,1450,10,0,1460,-26,911,-312,0.79,0.5,42,-51,20,-26,0.2,0.5,46,14,-6,1453,642,1582,0.55,0.67,0.74,0.05,619,0.26,0.2,170,0.56,0.4,0.6,1432,1427,0.3,1450,0.7,969,0,1,-6,2394,624,0.26,S,202402
48740,9,1,0,11,0,480,153,0.67,0.5,0,0,,0,0.32,0.5,,,,,0,0,0.55,0,0.74,0.05,0,0.26,0.2,0,3.68,0.4,0.6,0,54,0.3,9,0.7,0,0,1,,,0,,,202402
48125,774,4,0,778,0,740,-16,0.67,0.5,0,0,,0,0.32,0.5,,,,,0,0,0.55,0,0.74,0.05,0,0.26,0.2,0,0.57,0.4,0.6,0,785,0.3,774,0.7,0,0,1,,,0,,,202402
48127,146,3,14,164,-19,816,-209,0.59,0.5,2,-24,23,0,0.4,0.5,69,0,3,167,228,1442,0.55,0.68,0.74,0.05,253,0.26,0.2,49,0.43,0.4,0.6,532,631,0.3,160,0.7,205,0,1,3,742,0,0,S,202402
48123,2695,22,300,3017,0,1227,-337,0.6,0.5,120,-57,156,0,0.39,0.5,402,68,156,3174,614,1915,0.55,0.66,0.74,0.05,458,0.26,0.2,25,0.09,0.4,0.6,1099,1717,0.3,2995,0.7,1734,0,1,156,2990,0,0,S,202402
48121,-561,0,103,-458,-83,1108,-127,0.64,0.5,-224,0,70,0,0.35,0.5,0,210,-13,-472,279,1692,0.55,0.64,0.74,0.05,256,0.26,0.2,65,0.5,0.4,0.6,600,312,0.3,-458,0.7,-147,0,1,-13,439,655,1.48,B,202402
48129,908,8,0,917,4,737,19,0.67,0.5,11,0,19,0,0.32,0.5,0,57,24,941,405,1283,0.55,0.77,0.74,0.05,282,0.26,0.2,64,0.38,0.4,0.6,752,897,0.3,908,0.7,704,0,1,24,1481,1389,0.93,A,202402
48220,88,6,0,95,0,592,0,0.78,0.5,0,0,,-109,0.21,0.5,,,,,0,0,0.55,0,0.74,0.05,0,0.26,0.2,0,0.73,0.4,0.6,0,379,0.3,88,0.7,0,0.01,0.6,,,0,,,202402
48850,2,0,0,2,0,411,65,0.76,0.5,0,0,,0,0.23,0.5,,,,,0,0,0.55,0,0.74,0.05,0,0.26,0.2,0,7.08,0.4,0.6,0,23,0.3,2,0.7,0,0,1,,,0,,,202402
48730,-8,5,0,-2,0,520,92,0.63,0.5,0,0,,0,0.36,0.5,,,,,0,0,0.55,0,0.74,0.05,0,0.26,0.2,0,1.48,0.4,0.6,0,88,0.3,-8,0.7,0,0,1,,,0,,,202402
48870,12,0,0,12,9,702,139,0.77,0.5,0,-5,2,46,0.22,0.5,8,-4,11,24,25,1155,0.55,0.75,0.74,0.05,7,0.26,0.2,38,4.79,0.4,0.6,71,29,0.3,12,0.7,13,0.02,0.4,4,88,11,0.12,S,202402
48890,2,0,0,2,0,591,85,0.84,0.5,0,0,,0,0.15,0.5,,,,,0,0,0.55,0,0.74,0.05,0,0.26,0.2,0,11.97,0.4,0.6,0,17,0.3,2,0.7,0,0,1,,,0,,,202402
47000,6067,149,501,6718,206,631,3418,0.69,0.5,71,41,320,4003,0.3,0.5,540,165,526,7245,2275,1494,0.55,0.66,0.74,0.05,855,0.26,0.2,748,0.99,0.4,0.6,3878,7798,0.3,6569,0.7,4616,0.01,0.6,315,8810,3773,0.42,S,202402
47290,2010,31,0,2042,32,719,464,0.65,0.5,42,-13,56,727,0.34,0.5,111,0,89,2131,309,1560,0.55,0.62,0.74,0.05,101,0.26,0.2,38,0.38,0.4,0.6,449,1890,0.3,2010,0.7,1226,0,1,89,1765,0,0,S,202402
47130,573,15,76,664,0,635,787,0.77,0.5,0,0,,166,0.22,0.5,,,,,0,0,0.55,0,0.74,0.05,0,0.26,0.2,0,1.07,0.4,0.6,0,601,0.3,649,0.7,0,0.02,0.4,,,0,,,202402
47830,13,2,0,15,0,574,96,0.64,0.5,0,0,,0,0.35,0.5,,,,,0,0,0.55,0,0.74,0.05,0,0.26,0.2,0,2.49,0.4,0.6,0,37,0.3,13,0.7,0,0,1,,,154,,,202402
47190,1663,20,240,1923,17,603,365,0.71,0.5,14,-11,31,-126,0.28,0.5,124,-23,49,1972,392,1557,0.55,0.68,0.74,0.05,62,0.26,0.2,37,0.34,0.4,0.6,492,1816,0.3,1903,0.7,1287,0.01,0.4,19,1799,1075,0.59,A,202402
47150,427,13,0,441,0,664,276,0.76,0.5,0,0,,248,0.23,0.5,,,,,0,0,0.55,0,0.74,0.05,0,0.26,0.2,0,0.95,0.4,0.6,0,443,0.3,427,0.7,0,,,,,0,,,202402
47280,59,1,0,60,0,686,144,0.73,0.5,0,0,,2,0.26,0.5,,,,,0,0,0.55,0,0.74,0.05,0,0.26,0.2,0,0.95,0.4,0.6,0,86,0.3,59,0.7,0,0,1,,,0,,,202402
47920,3,0,0,3,0,587,101,0.84,0.5,0,0,,0,0.15,0.5,,,,,0,0,0.55,0,0.74,0.05,0,0.26,0.2,0,3.02,0.4,0.6,0,18,0.3,3,0.7,0,0,1,,,0,,,202402
47250,75,4,0,80,0,673,205,0.75,0.5,0,0,,-75,0.24,0.5,,,,,0,0,0.55,0,0.74,0.05,0,0.26,0.2,0,8.25,0.4,0.6,0,135,0.3,75,0.7,0,0.02,0.4,,,0,,,202402
47840,17,0,0,17,0,615,106,0.84,0.5,0,0,0,0,0.15,0.5,0,0,0,17,16,1060,0.55,0.78,0.74,0.05,0,0.26,0.2,10,2.61,0.4,0.6,26,18,0.3,17,0.7,13,0,1,0,40,46,1.16,B,202402
47170,356,8,0,364,13,652,245,0.76,0.5,-6,0,14,12,0.23,0.5,6,37,28,393,202,1325,0.55,0.71,0.74,0.05,151,0.26,0.2,961,11.29,0.4,0.6,1315,536,0.3,356,0.7,294,0.02,0.4,11,1621,595,0.36,S,202402
47770,0,0,0,0,9,626,125,0.78,0.5,0,0,0,0,0.21,0.5,0,1,10,10,8,1051,0.55,0.78,0.74,0.05,0,0.26,0.2,2,1.01,0.4,0.6,10,15,0.3,0,0.7,3,0,1,10,24,11,0.48,S,202402
47760,1,0,0,1,0,0,37,0.8,0.5,0,0,,0,0.2,0.5,,,,,0,0,0.55,0,0.74,0.05,0,0.26,0.2,0,10.64,0.4,0.6,0,4,0.3,1,0.7,0,0,1,,,0,,,202402
47210,107,2,0,110,16,652,194,0.78,0.5,0,11,12,21,0.21,0.5,12,24,28,138,73,1354,0.55,0.66,0.74,0.05,39,0.26,0.2,561,20.59,0.4,0.6,674,208,0.3,107,0.7,91,0,0.8,22,789,402,0.51,A,202402
47230,303,14,0,318,0,490,285,0.68,0.5,0,0,,1,0.31,0.5,,,,,0,0,0.55,0,0.74,0.05,0,0.26,0.2,0,1.38,0.4,0.6,0,295,0.3,303,0.7,0,0,1,,,0,,,202402
47900,181,2,0,183,0,756,151,0.5,0.5,0,0,,0,0.49,0.5,,,,,0,0,0.55,0,0.74,0.05,0,0.26,0.2,0,1.28,0.4,0.6,0,126,0.3,181,0.7,0,0,1,,,0,,,202402
47940,1,0,0,1,0,0,39,1,0.5,0,0,,0,0,0.5,,,,,0,0,0.55,0,0.74,0.05,0,0.26,0.2,0,1.78,0.4,0.6,0,2,0.3,1,0.7,0,0,1,,,0,,,202402
47930,23,0,0,24,7,570,154,0.62,0.5,0,3,6,118,0.37,0.5,7,2,14,38,7,1332,0.55,0.72,0.74,0.05,0,0.26,0.2,27,16.04,0.4,0.6,34,48,0.3,23,0.7,22,0.14,0.4,5,63,83,1.32,B,202402
47730,15,0,0,15,0,534,203,0.83,0.5,0,0,1,140,0.16,0.5,0,0,1,17,8,1122,0.55,0.72,0.74,0.05,2,0.26,0.2,8,3.19,0.4,0.6,19,26,0.3,15,0.7,13,0,1,1,34,30,0.86,A,202402
47820,19,0,0,19,0,460,164,0.68,0.5,0,0,,-1,0.31,0.5,,,,,0,0,0.55,0,0.74,0.05,0,0.26,0.2,0,10.81,0.4,0.6,0,20,0.3,19,0.7,0,0.01,0.6,,,0,,,202402
47750,7,0,0,7,0,354,134,0.69,0.5,0,0,,0,0.3,0.5,,,,,0,0,0.55,0,0.74,0.05,0,0.26,0.2,0,8.64,0.4,0.6,0,15,0.3,7,0.7,0,0,1,,,0,,,202402
47850,186,5,0,191,4,457,130,0.64,0.5,0,-2,2,193,0.35,0.5,32,-39,7,198,86,1114,0.55,0.8,0.74,0.05,45,0.26,0.2,217,6.86,0.4,0.6,349,329,0.3,186,0.7,185,0.17,0.4,2,537,0,0,S,202402
47111,572,5,9,587,-115,672,-2663,0.64,0.5,-1,-3,58,1668,0.35,0.5,55,0,-57,530,202,1682,0.55,0.61,0.74,0.05,56,0.26,0.2,31,0.51,0.4,0.6,291,863,0.3,582,0.7,407,0,1,-57,641,889,1.38,B,202402
47113,1182,6,176,1364,133,605,3382,0.66,0.5,0,-16,120,0,0.33,0.5,290,72,254,1618,225,1636,0.55,0.64,0.74,0.05,13,0.26,0.2,39,0.69,0.4,0.6,279,1082,0.3,1358,0.7,816,0,1,254,1350,485,0.35,S,202402
29000,6571,112,493,7177,25,957,1169,0.58,0.5,-117,14,661,11243,0.41,0.5,184,603,686,7864,2185,1849,0.55,0.57,0.74,0.05,595,0.26,0.2,261,0.39,0.4,0.6,3042,7403,0.3,7065,0.7,4151,0.01,0.6,412,7606,8255,1.08,B,202402
29200,1970,66,0,2036,-17,960,51,0.7,0.5,-66,3,104,1382,0.29,0.5,67,113,87,2124,1212,1473,0.55,0.71,0.74,0.05,708,0.26,0.2,107,0.23,0.4,0.6,2028,1938,0.3,1970,0.7,1396,0,1,87,3512,1008,0.28,S,202402
29155,798,5,235,1039,3,1046,207,0.55,0.5,-17,-1,114,1674,0.44,0.5,71,75,118,1157,286,1991,0.55,0.53,0.74,0.05,41,0.26,0.2,13,0.17,0.4,0.6,341,872,0.3,1034,0.7,527,0,1,118,987,1309,1.32,B,202402
29110,936,2,0,939,11,1086,410,0.31,0.5,2,0,25,5,0.68,0.5,2,73,36,976,134,2263,0.55,0.48,0.74,0.05,10,0.26,0.2,10,0.29,0.4,0.6,155,584,0.3,936,0.7,403,0,1,36,596,369,0.61,A,202402
29170,1759,28,34,1822,5,836,281,0.58,0.5,-29,6,256,5320,0.41,0.5,37,185,262,2085,712,1703,0.55,0.59,0.74,0.05,215,0.26,0.2,132,0.59,0.4,0.6,1060,2422,0.3,1793,0.7,1181,0.01,0.4,105,2347,3530,1.5,C,202402
29140,917,8,223,1149,3,1018,220,0.54,0.5,-26,4,180,2862,0.45,0.5,31,171,183,1332,356,1966,0.55,0.55,0.74,0.05,74,0.26,0.2,22,0.21,0.4,0.6,453,1523,0.3,1140,0.7,693,0,1,183,1329,2038,1.53,C,202402
27000,8812,77,655,9545,245,1064,5398,0.56,0.5,-130,88,300,3904,0.43,0.5,183,286,545,10091,2545,2091,0.55,0.51,0.74,0.05,269,0.26,0.2,129,0.19,0.4,0.6,2944,10424,0.3,9467,0.7,5019,0.09,0.4,218,8182,3649,0.44,S,202402
27720,3,0,0,3,0,781,81,1,0.5,0,0,,0,0,0.5,,,,,0,0,0.55,0,0.74,0.05,0,0.26,0.2,0,0.34,0.4,0.6,0,-1,0.3,3,0.7,0,0,1,,,0,,,202402
27200,127,2,4,134,7,970,248,0.43,0.5,-4,-1,108,1352,0.56,0.5,48,79,116,250,120,1867,0.55,0.51,0.74,0.05,2,0.26,0.2,44,1.52,0.4,0.6,167,289,0.3,132,0.7,92,0.03,0.4,46,306,586,1.91,C,202402
27290,1126,23,260,1409,46,953,814,0.62,0.5,-59,71,-15,-600,0.37,0.5,-6,17,31,1441,757,1899,0.55,0.58,0.74,0.05,65,0.26,0.2,36,0.18,0.4,0.6,860,2349,0.3,1386,0.7,971,0.01,0.4,12,1844,474,0.25,S,202402
27710,2134,24,0,2158,36,798,631,0.61,0.5,13,0,0,1,0.38,0.5,-1,0,35,2194,373,1619,0.55,0.64,0.74,0.05,33,0.26,0.2,18,0.19,0.4,0.6,425,1372,0.3,2134,0.7,1237,0,1,35,1699,11,0,S,202402
27140,1422,2,83,1508,20,956,769,0.51,0.5,-21,0,29,576,0.48,0.5,-13,41,49,1558,263,2238,0.55,0.43,0.74,0.05,0,0.26,0.2,28,0.45,0.4,0.6,292,1547,0.3,1505,0.7,657,0,1,49,1000,587,0.58,A,202402
27230,1819,11,51,1882,14,863,289,0.64,0.5,-15,14,34,693,0.35,0.5,42,5,49,1931,439,1850,0.55,0.56,0.74,0.05,39,0.26,0.2,27,0.23,0.4,0.6,506,2288,0.3,1871,0.7,1128,0.01,0.6,29,1664,828,0.49,S,202402
27170,-47,0,36,-10,1,1017,235,0.41,0.5,-4,-11,53,116,0.58,0.5,130,13,54,44,59,2315,0.55,0.37,0.74,0.05,0,0.26,0.2,25,1.81,0.4,0.6,85,261,0.3,-11,0.7,26,0.02,0.4,21,133,80,0.59,A,202402
27260,861,1,202,1065,-16,1536,3,0.53,0.5,-28,-22,98,1129,0.46,0.5,28,129,81,1147,387,2949,0.55,0.43,0.74,0.05,38,0.26,0.2,27,0.27,0.4,0.6,453,1439,0.3,1064,0.7,506,0,0.8,65,1024,704,0.68,A,202402
27110,734,1,17,753,20,1425,622,0.23,0.5,-10,22,76,637,0.76,0.5,-26,83,97,850,367,2023,0.55,0.55,0.74,0.05,34,0.26,0.2,44,0.46,0.4,0.6,446,451,0.3,752,0.7,370,0.03,0.4,38,855,377,0.44,S,202402
30000,5865,113,437,6415,21,1184,899,0.56,0.5,-122,45,684,4666,0.43,0.5,865,613,706,7122,1907,2099,0.55,0.54,0.74,0.05,364,0.26,0.2,183,0.33,0.4,0.6,2455,7067,0.3,6302,0.7,3566,0,0.8,564,6587,7873,1.19,B,202402
30230,366,8,114,488,13,854,188,0.59,0.5,2,4,126,572,0.4,0.5,279,31,139,628,406,1449,0.55,0.83,0.74,0.05,128,0.26,0.2,66,0.51,0.4,0.6,601,625,0.3,480,0.7,435,0,1,139,1176,248,0.21,S,202402
30110,702,18,159,881,11,897,247,0.57,0.5,2,-6,-3,-603,0.42,0.5,20,37,7,889,288,1664,0.55,0.59,0.74,0.05,24,0.26,0.2,41,0.55,0.4,0.6,354,919,0.3,862,0.7,524,0.01,0.6,4,883,1292,1.46,B,202402
30170,1895,25,12,1933,16,1279,354,0.58,0.5,-57,36,92,609,0.41,0.5,48,146,108,2042,1086,1918,0.55,0.6,0.74,0.05,256,0.26,0.2,77,0.24,0.4,0.6,1420,2483,0.3,1907,0.7,1265,0,0.8,87,2773,2143,0.77,A,202402
30200,2845,48,51,2945,22,1408,199,0.53,0.5,0,34,325,1532,0.46,0.5,376,371,348,3293,742,2217,0.55,0.6,0.74,0.05,220,0.26,0.2,37,0.16,0.4,0.6,1000,2262,0.3,2896,0.7,1644,0,1,348,2993,2239,0.74,A,202402
30140,292,5,100,398,-18,1020,-89,0.54,0.5,-21,-18,174,2556,0.45,0.5,180,-2,156,554,390,1705,0.55,0.59,0.74,0.05,92,0.26,0.2,63,0.55,0.4,0.6,546,846,0.3,392,0.7,316,0,1,156,1019,1949,1.91,C,202402
26000,11316,135,719,12170,309,1265,6409,0.54,0.5,90,-120,1133,2629,0.45,0.5,1288,1782,1442,13613,3233,2304,0.55,0.4,0.74,0.05,628,0.26,0.2,437,0.47,0.4,0.6,4299,14817,0.3,12035,0.7,5256,0,1,1442,10998,18722,1.7,C,202402
26440,1657,4,0,1661,-11,1232,-32,0.58,0.5,-18,-10,332,650,0.41,0.5,295,606,321,1982,494,1706,0.55,0.72,0.74,0.05,131,0.26,0.2,40,0.27,0.4,0.6,666,856,0.3,1657,0.7,1025,0,1,321,2013,3162,1.57,C,202402
26410,-20,7,0,-12,-8,1202,-12,0.57,0.5,0,-22,58,1402,0.42,0.5,6,1,50,38,209,2128,0.55,0.44,0.74,0.05,38,0.26,0.2,45,0.76,0.4,0.6,294,616,0.3,-20,0.7,76,0,1,50,421,492,1.16,B,202402
26710,1634,6,0,1641,40,987,461,0.61,0.5,-10,36,97,1715,0.38,0.5,64,0,138,1779,508,1439,0.55,0.68,0.74,0.05,260,0.26,0.2,49,0.26,0.4,0.6,818,961,0.3,1634,0.7,985,0,1,138,1941,740,0.38,S,202402
26290,160,30,207,398,47,1385,1016,0.55,0.5,-21,0,325,-379,0.44,0.5,5,1018,372,770,309,2394,0.55,0.4,0.74,0.05,82,0.26,0.2,62,0.66,0.4,0.6,454,932,0.3,367,0.7,217,0,1,372,1044,4411,4.22,C,202402
26170,343,3,0,346,8,1222,186,0.4,0.5,11,-1,-17,-266,0.59,0.5,-25,2,-9,337,16,3275,0.55,0.16,0.74,0.05,0,0.26,0.2,5,1.46,0.4,0.6,22,311,0.3,343,0.7,55,0.03,0.4,-3,73,730,9.89,C,202402
26260,1436,3,3,1443,53,1489,563,0.46,0.5,29,52,157,36,0.53,0.5,379,87,211,1654,476,2441,0.55,0.47,0.74,0.05,98,0.26,0.2,60,0.43,0.4,0.6,635,1167,0.3,1440,0.7,648,0,1,211,1495,1940,1.29,B,202402
26230,2000,11,35,2046,26,1099,991,0.51,0.5,18,-9,82,180,0.48,0.5,184,52,108,2155,21,4048,0.55,0.15,0.74,0.05,0,0.26,0.2,2,0.48,0.4,0.6,23,2133,0.3,2035,0.7,315,0,1,108,447,2071,4.62,C,202402
26320,596,-5,186,776,25,1014,350,0.65,0.5,43,-20,0,9,0.34,0.5,8,-10,24,801,193,2221,0.55,0.41,0.74,0.05,7,0.26,0.2,10,0.21,0.4,0.6,211,1210,0.3,782,0.7,379,0,1,24,615,423,0.68,A,202402
26530,421,12,3,438,18,793,629,0.59,0.5,-6,-20,1,30,0.4,0.5,0,0,19,458,128,1773,0.55,0.47,0.74,0.05,38,0.26,0.2,12,0.32,0.4,0.6,179,1051,0.3,425,0.7,289,0,0.8,15,485,904,1.86,C,202402
26380,320,9,0,330,31,765,485,0.65,0.5,20,5,0,-350,0.34,0.5,19,6,31,361,174,1791,0.55,0.51,0.74,0.05,42,0.26,0.2,21,0.41,0.4,0.6,238,1192,0.3,320,0.7,298,0,0.8,25,562,617,1.09,B,202402
26140,228,10,9,248,32,1196,724,0.5,0.5,0,7,25,3,0.49,0.5,67,9,58,306,71,2377,0.55,0.35,0.74,0.05,9,0.26,0.2,23,1.21,0.4,0.6,104,325,0.3,237,0.7,92,0,1,58,255,614,2.4,C,202402
26500,850,3,187,1041,14,1949,463,0.34,0.5,0,-4,2,-285,0.65,0.5,65,0,17,1059,122,3154,0.55,0.23,0.74,0.05,6,0.26,0.2,25,0.8,0.4,0.6,153,927,0.3,1038,0.7,235,0.01,0.6,10,399,962,2.4,C,202402
26470,995,1,67,1064,-1,1377,165,0.43,0.5,-4,-21,42,-109,0.56,0.5,111,34,40,1105,382,2377,0.55,0.42,0.74,0.05,83,0.26,0.2,51,0.45,0.4,0.6,516,973,0.3,1063,0.7,442,0,1,40,1000,284,0.28,S,202402
26200,-17,11,7,0,0,774,212,0.58,0.5,0,0,,0,0.41,0.5,,,,,0,0,0.55,0,0.74,0.05,0,0.26,0.2,0,0.69,0.4,0.6,0,326,0.3,-10,0.7,0,0,1,,,0,,,202402
26110,73,3,0,76,0,698,-24,0.5,0.5,0,0,,0,0.5,0.5,,,,,0,0,0.55,0,0.74,0.05,0,0.26,0.2,0,1.82,0.4,0.6,0,143,0.3,73,0.7,0,0,1,,,0,,,202402
26350,713,4,12,729,0,1807,232,0.54,0.5,0,-32,52,-7,0.45,0.5,56,101,53,783,255,3240,0.55,0.29,0.74,0.05,12,0.26,0.2,16,0.24,0.4,0.6,284,1433,0.3,725,0.7,277,0,1,53,615,1369,2.22,C,202402
11000,26152,211,4365,30729,-359,3872,3534,0.39,0.5,-1270,-387,3141,7906,0.6,0.5,3446,3989,2781,33511,14049,4665,0.55,0.32,0.74,0.05,6541,0.26,0.2,3387,0.68,0.4,0.6,23977,34729,0.3,30518,0.7,10431,0,1,2781,37190,25638,0.68,A,202402
11680,1855,12,1735,3603,0,7381,390,0.37,0.5,0,0,0,0,0.62,0.5,0,2,0,3604,2113,6880,0.55,0.51,0.74,0.05,1172,0.26,0.2,284,0.36,0.4,0.6,3570,1651,0.3,3591,0.7,1564,0,1,0,5135,916,0.17,S,202402
11740,2892,0,1391,4284,-28,3642,-146,0.39,0.5,-45,-12,697,587,0.6,0.5,1529,391,668,4953,880,3815,0.55,0.33,0.74,0.05,515,0.26,0.2,194,0.58,0.4,0.6,1590,1995,0.3,4284,0.7,1191,0,1,668,3451,1134,0.32,S,202402
11305,199,15,7,222,2,2093,117,0.31,0.5,0,-3,72,61,0.68,0.5,158,47,74,297,115,3749,0.55,0.17,0.74,0.05,11,0.26,0.2,54,1.77,0.4,0.6,181,636,0.3,206,0.7,57,0,1,74,312,404,1.29,B,202402
11500,1786,-1,4,1789,-17,2822,339,0.5,0.5,-92,-20,63,886,0.49,0.5,21,17,45,1835,558,4048,0.55,0.25,0.74,0.05,175,0.26,0.2,123,0.69,0.4,0.6,857,2830,0.3,1791,0.7,526,0,1,45,1429,498,0.34,S,202402
11620,1155,4,186,1346,-12,2434,135,0.4,0.5,-40,-16,106,0,0.59,0.5,122,197,94,1441,327,3300,0.55,0.26,0.74,0.05,63,0.26,0.2,119,1.26,0.4,0.6,509,1667,0.3,1342,0.7,376,0,1,94,980,1018,1.03,B,202402
11215,417,7,22,447,-3,3979,231,0.37,0.5,-36,0,47,109,0.62,0.5,0,119,43,491,335,6355,0.55,0.32,0.74,0.05,106,0.26,0.2,185,1.74,0.4,0.6,626,665,0.3,439,0.7,166,0,1,43,836,478,0.57,A,202402
11530,1450,7,8,1466,0,2351,116,0.41,0.5,0,-17,63,280,0.58,0.5,60,77,62,1528,520,3788,0.55,0.26,0.74,0.05,138,0.26,0.2,93,0.58,0.4,0.6,752,1664,0.3,1458,0.7,396,0,1,62,1211,701,0.57,A,202402
11545,925,-1,0,924,1,2100,62,0.55,0.5,0,-8,1,18,0.44,0.5,4,-2,3,927,158,2797,0.55,0.32,0.74,0.05,11,0.26,0.2,46,1.13,0.4,0.6,216,1041,0.3,925,0.7,308,0,1,3,527,73,0.13,S,202402
11350,538,22,126,688,0,2370,221,0.46,0.5,0,0,8,154,0.53,0.5,0,0,8,696,784,3876,0.55,0.25,0.74,0.05,151,0.26,0.2,34,0.15,0.4,0.6,969,2209,0.3,665,0.7,291,0,1,8,1269,859,0.67,A,202402
11320,283,7,0,291,-11,1988,55,0.46,0.5,-37,-4,14,7,0.53,0.5,2,38,3,294,586,2819,0.55,0.34,0.74,0.05,53,0.26,0.2,97,0.63,0.4,0.6,738,1064,0.3,283,0.7,177,0,1,3,918,99,0.1,S,202402
11230,1065,32,0,1097,-3,2752,243,0.33,0.5,-38,0,522,4,0.66,0.5,-6,1574,519,1616,496,3929,0.55,0.28,0.74,0.05,105,0.26,0.2,83,0.57,0.4,0.6,685,1338,0.3,1065,0.7,324,0,1,519,1529,3576,2.33,C,202402
11590,928,1,0,930,3,3532,54,0.33,0.5,0,0,158,858,0.66,0.5,0,189,162,1092,639,3505,0.55,0.35,0.74,0.05,212,0.26,0.2,172,0.84,0.4,0.6,1023,1321,0.3,928,0.7,373,0,1,162,1559,1662,1.06,B,202402
11440,1067,28,22,1119,-7,4030,-19,0.32,0.5,0,-20,93,30,0.67,0.5,145,127,85,1204,714,5249,0.55,0.36,0.74,0.05,238,0.26,0.2,162,0.71,0.4,0.6,1115,1339,0.3,1090,0.7,423,0,1,85,1624,576,0.35,S,202402
11410,881,37,0,919,8,2972,174,0.35,0.5,0,0,109,1055,0.64,0.5,0,47,117,1036,466,3616,0.55,0.33,0.74,0.05,182,0.26,0.2,134,0.86,0.4,0.6,783,951,0.3,881,0.7,298,0,1,117,1200,766,0.63,A,202402
11650,216,1,698,917,-39,6624,442,0.35,0.5,-126,-70,351,3307,0.64,0.5,0,3,311,1229,1305,6715,0.55,0.52,0.74,0.05,604,0.26,0.2,187,0.4,0.4,0.6,2097,875,0.3,915,0.7,469,0,1,311,2878,4885,1.69,C,202402
11200,-89,3,0,-85,-8,4560,-61,0.28,0.5,0,-18,136,0,0.71,0.5,17,393,128,42,823,5271,0.55,0.4,0.74,0.05,343,0.26,0.2,93,0.33,0.4,0.6,1260,802,0.3,-89,0.7,71,0,1,128,1460,1103,0.75,A,202402
11290,1082,10,24,1116,-6,2563,119,0.41,0.5,-47,12,120,0,0.58,0.5,329,32,114,1230,686,3838,0.55,0.3,0.74,0.05,144,0.26,0.2,146,0.73,0.4,0.6,976,1232,0.3,1106,0.7,353,0,1,114,1444,1019,0.7,A,202402
11710,2193,-2,60,2250,7,5184,181,0.36,0.5,0,-8,183,555,0.63,0.5,72,310,191,2441,1725,5459,0.55,0.42,0.74,0.05,1461,0.26,0.2,490,0.64,0.4,0.6,3676,2327,0.3,2253,0.7,964,0,1,191,4832,1950,0.4,S,202402
11470,791,0,31,822,3,3891,190,0.47,0.5,-28,0,0,-31,0.52,0.5,0,6,3,825,743,4534,0.55,0.36,0.74,0.05,307,0.26,0.2,146,0.58,0.4,0.6,1198,1361,0.3,822,0.7,363,0,1,3,1565,377,0.24,S,202402
11560,2234,-6,0,2228,-1,3871,99,0.43,0.5,0,-21,72,0,0.56,0.5,23,193,70,2299,863,4909,0.55,0.36,0.74,0.05,417,0.26,0.2,128,0.41,0.4,0.6,1409,2170,0.3,2234,0.7,815,0,1,70,2296,1505,0.65,A,202402
11170,420,-25,9,404,3,5537,61,0.3,0.5,0,0,32,24,0.69,0.5,69,18,36,440,459,4677,0.55,0.42,0.74,0.05,248,0.26,0.2,162,0.95,0.4,0.6,871,573,0.3,429,0.7,200,0,1,36,1108,183,0.16,S,202402
11380,1099,-1,23,1121,11,2477,287,0.4,0.5,0,0,86,0,0.59,0.5,81,177,97,1219,401,4121,0.55,0.25,0.74,0.05,285,0.26,0.2,247,1.5,0.4,0.6,935,1284,0.3,1123,0.7,299,0,1,97,1332,1295,0.97,A,202402
11110,35,13,0,48,,3411,34,0.33,0.5,,,,0,0.66,0.5,,,,,0,0,0.55,0,0.74,0.05,0,0.26,0.2,0,1.95,0.4,0.6,0,201,0.3,35,0.7,0,0,1,,,0,,,202402
11140,544,20,13,578,0,3450,138,0.29,0.5,-6,-7,25,2,0.7,0.5,76,0,26,605,175,4258,0.55,0.31,0.74,0.05,87,0.26,0.2,36,0.58,0.4,0.6,300,682,0.3,558,0.7,187,0,1,26,513,134,0.26,S,202402
11260,821,3,0,825,1,2208,72,0.42,0.5,0,-5,36,0,0.57,0.5,108,0,37,862,255,3529,0.55,0.2,0.74,0.05,44,0.26,0.2,72,1,0.4,0.6,373,1176,0.3,821,0.7,186,0,1,37,596,417,0.69,A,202402
31000,3237,36,232,3506,-29,1008,763,0.62,0.5,-110,-105,270,3533,0.37,0.5,197,254,241,3748,2086,1870,0.55,0.64,0.74,0.05,1133,0.26,0.2,265,0.34,0.4,0.6,3485,3833,0.3,3469,0.7,2309,0.01,0.6,144,5939,5464,0.91,A,202402
31140,642,2,120,764,-13,1255,66,0.62,0.5,-22,-29,-22,-1183,0.37,0.5,-17,80,-35,728,551,2140,0.55,0.58,0.74,0.05,259,0.26,0.2,56,0.29,0.4,0.6,868,1085,0.3,762,0.7,505,0.01,0.4,-14,1359,2361,1.73,C,202402
31170,174,33,0,207,,767,79,0.7,0.5,0,,,3390,0.29,0.5,,,,,0,0,0.55,0,0.74,0.05,0,0.26,0.2,0,0.33,0.4,0.6,0,489,0.3,174,0.7,0,0,1,,,0,,,202402
31200,1874,0,0,1875,2,878,146,0.61,0.5,-16,0,0,195,0.38,0.5,6,-27,1,1876,536,1716,0.55,0.72,0.74,0.05,242,0.26,0.2,27,0.14,0.4,0.6,807,1062,0.3,1874,0.7,1189,0,1,1,1998,117,0.05,S,202402
31710,923,9,0,932,19,830,446,0.64,0.5,-35,14,107,845,0.35,0.5,84,154,127,1059,532,1492,0.55,0.79,0.74,0.05,452,0.26,0.2,123,0.52,0.4,0.6,1108,752,0.3,923,0.7,691,0.01,0.4,50,1850,1112,0.6,A,202402
31110,-24,-3,112,83,-16,1128,26,0.54,0.5,-12,-41,24,286,0.45,0.5,6,27,8,91,409,1780,0.55,0.65,0.74,0.05,376,0.26,0.2,97,0.51,0.4,0.6,883,510,0.3,87,0.7,140,0.02,0.4,3,1027,1873,1.82,C,202402
28000,16422,395,992,17810,264,1336,5451,0.54,0.5,-373,160,2052,11179,0.45,0.5,2879,1565,2316,20127,5761,1979,0.55,0.54,0.74,0.05,1578,0.26,0.2,958,0.54,0.4,0.6,8298,13662,0.3,17414,0.7,8816,0,1,2316,19431,20100,1.03,B,202402
28710,39,0,0,39,,741,296,0.72,0.5,,,,114,0.27,0.5,,,,,0,0,0.55,0,0.74,0.05,0,0.26,0.2,0,11.26,0.4,0.6,0,22,0.3,39,0.7,0,0,1,,,441,,,202402
28245,303,17,182,502,13,1090,311,0.6,0.5,-22,9,117,1044,0.39,0.5,80,152,131,633,367,1894,0.55,0.52,0.74,0.05,89,0.26,0.2,59,0.54,0.4,0.6,516,1048,0.3,485,0.7,341,0.01,0.6,78,936,2290,2.44,C,202402
28200,931,32,78,1042,-17,1190,-119,0.59,0.5,0,-32,63,8,0.4,0.5,189,0,45,1087,705,2028,0.55,0.49,0.74,0.05,81,0.26,0.2,84,0.44,0.4,0.6,871,2239,0.3,1009,0.7,678,0,1,45,1595,1183,0.74,A,202402
28140,42,5,0,47,1,933,117,0.41,0.5,0,-10,98,0,0.58,0.5,252,41,99,146,52,1639,0.55,0.59,0.74,0.05,0,0.26,0.2,8,0.65,0.4,0.6,60,202,0.3,42,0.7,53,0,1,99,213,126,0.58,A,202402
28177,1156,55,275,1487,21,1098,315,0.53,0.5,-12,25,150,602,0.46,0.5,130,236,172,1659,613,1806,0.55,0.51,0.74,0.05,230,0.26,0.2,215,1.06,0.4,0.6,1059,1255,0.3,1431,0.7,710,0,1,172,1941,3873,1.99,C,202402
28237,1085,71,207,1364,30,1329,856,0.52,0.5,-39,2,39,-34,0.47,0.5,111,10,69,1433,521,2332,0.55,0.43,0.74,0.05,31,0.26,0.2,71,0.54,0.4,0.6,624,1839,0.3,1292,0.7,630,0,1,69,1324,1678,1.26,B,202402
28260,6712,46,217,6975,233,1401,2885,0.54,0.5,-89,151,982,5605,0.45,0.5,951,951,1216,8192,1869,1719,0.55,0.56,0.74,0.05,1165,0.26,0.2,348,0.47,0.4,0.6,3384,3360,0.3,6929,0.7,3302,0,0.8,972,7659,6995,0.91,A,202402
28185,4386,123,32,4542,-4,1734,277,0.53,0.5,-50,-18,300,2764,0.46,0.5,357,60,296,4839,1399,2292,0.55,0.6,0.74,0.05,410,0.26,0.2,42,0.09,0.4,0.6,1853,1985,0.3,4418,0.7,2248,0,1,296,4398,2332,0.53,A,202402
28720,6,0,0,6,0,0,76,0,0.5,0,0,,0,1,0.5,,,,,0,0,0.55,0,0.74,0.05,0,0.26,0.2,0,11.49,0.4,0.6,0,6,0.3,6,0.7,0,0,1,,,0,,,202402
28110,2259,33,0,2292,26,1128,437,0.49,0.5,-16,24,284,1076,0.5,0.5,561,111,310,2602,428,1706,0.55,0.63,0.74,0.05,11,0.26,0.2,57,0.54,0.4,0.6,497,1260,0.3,2259,0.7,1253,0,1,310,2061,1178,0.57,A,202402
46000,4540,202,106,4849,370,650,5593,0.69,0.5,99,96,349,2234,0.3,0.5,605,283,720,5569,1633,1381,0.55,0.7,0.74,0.05,831,0.26,0.2,707,1.19,0.4,0.6,3172,5059,0.3,4646,0.7,3359,0,0.8,576,7108,3762,0.52,A,202402
46810,8,0,0,9,0,672,26,0.94,0.5,0,0,,0,0.05,0.5,,,,,0,0,0.55,0,0.74,0.05,0,0.26,0.2,0,7.28,0.4,0.6,0,22,0.3,8,0.7,0,0,1,,,0,,,202402
46770,19,2,0,21,,608,401,0.75,0.5,,,,7,0.24,0.5,,,,,0,0,0.55,0,0.74,0.05,0,0.26,0.2,0,8.64,0.4,0.6,0,37,0.3,19,0.7,0,0,1,,,0,,,202402
46720,8,0,0,7,0,467,105,0.63,0.5,0,0,,0,0.36,0.5,,,,,0,0,0.55,0,0.74,0.05,0,0.26,0.2,0,10.26,0.4,0.6,0,13,0.3,8,0.7,0,0,1,,,0,,,202402
46230,905,13,0,918,30,470,490,0.68,0.5,14,17,70,957,0.31,0.5,116,41,101,1020,156,1311,0.55,0.77,0.74,0.05,43,0.26,0.2,19,0.4,0.4,0.6,219,714,0.3,905,0.7,661,0.02,0.4,40,921,308,0.33,S,202402
46730,7,0,0,7,,669,37,0.57,0.5,,,,-131,0.42,0.5,,,,,0,0,0.55,0,0.74,0.05,0,0.26,0.2,0,9.07,0.4,0.6,0,12,0.3,7,0.7,0,0.07,0.4,,,0,,,202402
46170,571,24,0,595,,741,356,0.62,0.5,,,,17,0.37,0.5,,,,,0,0,0.55,0,0.74,0.05,0,0.26,0.2,0,0.9,0.4,0.6,0,436,0.3,571,0.7,0,0,1,,,0,,,202402
46710,33,0,0,33,11,714,211,0.69,0.5,0,0,2,10,0.3,0.5,0,7,14,48,14,1461,0.55,0.62,0.74,0.05,0,0.26,0.2,26,7.78,0.4,0.6,40,34,0.3,33,0.7,21,0,0.8,11,73,74,1.01,B,202402
46110,487,22,0,509,15,539,231,0.66,0.5,17,-6,0,-4,0.33,0.5,0,0,15,525,326,1197,0.55,0.91,0.74,0.05,171,0.26,0.2,43,0.36,0.4,0.6,541,1056,0.3,487,0.7,601,0,1,15,1158,23,0.02,S,202402
46840,501,5,0,507,,788,266,0.49,0.5,22,-12,,0,0.5,0.5,262,0,,,0,0,0.55,0,0.74,0.05,0,0.26,0.2,0,1.3,0.4,0.6,0,292,0.3,501,0.7,0,0,1,,,264,,,202402
46780,0,0,0,1,0,499,160,0.69,0.5,0,0,,0,0.3,0.5,,,,,0,0,0.55,0,0.74,0.05,0,0.26,0.2,0,6.75,0.4,0.6,0,18,0.3,0,0.7,0,0,1,,,0,,,202402
46150,1481,17,0,1498,61,739,945,0.73,0.5,0,1,38,53,0.26,0.5,110,2,100,1598,494,1408,0.55,0.73,0.74,0.05,350,0.26,0.2,94,0.46,0.4,0.6,939,1246,0.3,1481,0.7,1035,0,1,100,2074,1159,0.55,A,202402
46910,0,0,0,0,0,0,219,1,0.5,0,0,,0,0,0.5,,,,,0,0,0.55,0,0.74,0.05,0,0.26,0.2,0,593.19,0.4,0.6,0,0,0.3,0,0.7,0,0,1,,,0,,,202402
46130,819,25,106,950,79,752,724,0.84,0.5,5,79,16,1269,0.15,0.5,9,-7,96,1047,434,1505,0.55,0.69,0.74,0.05,239,0.26,0.2,95,0.59,0.4,0.6,769,929,0.3,925,0.7,643,0,0.8,77,1489,516,0.34,S,202402
46870,52,1,0,54,,558,199,0.73,0.5,0,,,0,0.26,0.5,,,,,0,0,0.55,0,0.74,0.05,0,0.26,0.2,0,2.82,0.4,0.6,0,60,0.3,52,0.7,0,0,1,,,0,,,202402
46830,135,88,0,224,0,326,101,0.38,0.5,0,0,,-98,0.61,0.5,,,,,0,0,0.55,0,0.74,0.05,0,0.26,0.2,0,1.56,0.4,0.6,0,224,0.3,135,0.7,0,0.03,0.4,,,0,,,202402
46890,4,1,0,5,0,687,190,0.84,0.5,0,0,,0,0.15,0.5,,,,,0,0,0.55,0,0.74,0.05,0,0.26,0.2,0,8.36,0.4,0.6,0,21,0.3,4,0.7,0,0,1,,,0,,,202402
46880,39,0,0,40,7,429,152,0.69,0.5,0,5,42,177,0.3,0.5,0,120,50,90,3,1458,0.55,0.58,0.74,0.05,0,0.26,0.2,2,3.38,0.4,0.6,6,54,0.3,39,0.7,25,0.01,0.6,30,62,1181,19.05,C,202402
46800,2,0,0,3,16,538,195,0.65,0.5,0,13,2,18,0.34,0.5,4,1,19,22,11,967,0.55,0.88,0.74,0.05,7,0.26,0.2,27,5.97,0.4,0.6,46,21,0.3,2,0.7,7,0.02,0.4,7,61,15,0.24,S,202402
46900,8,0,0,9,0,590,50,0.83,0.5,0,0,,0,0.16,0.5,,,,,0,0,0.55,0,0.74,0.05,0,0.26,0.2,0,10.56,0.4,0.6,0,14,0.3,8,0.7,0,0,1,,,0,,,202402
46860,5,0,0,5,5,637,90,0.68,0.5,0,-3,0,-3,0.31,0.5,5,-5,5,10,12,1030,0.55,0.84,0.74,0.05,11,0.26,0.2,74,12.92,0.4,0.6,98,8,0.3,5,0.7,5,0.09,0.4,2,106,0,0,S,202402
46820,20,2,0,22,26,579,308,0.78,0.5,0,7,0,13,0.21,0.5,1,0,27,49,46,990,0.55,0.86,0.74,0.05,14,0.26,0.2,65,4.5,0.4,0.6,125,54,0.3,20,0.7,26,0,1,27,179,98,0.54,A,202402
46790,158,3,0,161,9,610,137,0.61,0.5,0,2,4,-51,0.38,0.5,19,0,13,175,55,1019,0.55,0.63,0.74,0.05,50,0.26,0.2,31,1.23,0.4,0.6,136,180,0.3,158,0.7,105,0.01,0.6,8,250,121,0.48,S,202402
52000,5256,145,480,5881,210,709,4054,0.64,0.5,-19,-5,416,5047,0.35,0.5,505,302,626,6508,1941,1424,0.55,0.67,0.74,0.05,1532,0.26,0.2,632,0.75,0.4,0.6,4105,6428,0.3,5736,0.7,4014,0,0.8,501,8621,4287,0.49,S,202402
52790,6,2,0,8,19,652,254,0.8,0.5,0,0,5,0,0.19,0.5,10,7,25,34,20,1119,0.55,0.8,0.74,0.05,13,0.26,0.2,45,5.58,0.4,0.6,80,35,0.3,6,0.7,12,0,1,25,118,68,0.58,A,202402
52130,1013,44,176,1234,26,532,481,0.71,0.5,-10,12,86,844,0.28,0.5,120,85,113,1347,445,1181,0.55,0.76,0.74,0.05,299,0.26,0.2,78,0.43,0.4,0.6,823,1288,0.3,1189,0.7,938,0.01,0.6,67,1829,640,0.34,S,202402
52210,107,6,0,113,11,497,220,0.68,0.5,2,-1,27,723,0.31,0.5,26,4,39,152,55,1098,0.55,0.76,0.74,0.05,29,0.26,0.2,44,2.18,0.4,0.6,129,148,0.3,107,0.7,91,0,0.8,31,252,216,0.85,A,202402
52190,102,2,0,105,16,573,195,0.76,0.5,3,6,1,-115,0.23,0.5,11,0,17,123,59,1098,0.55,0.8,0.74,0.05,15,0.26,0.2,29,1.66,0.4,0.6,104,146,0.3,102,0.7,92,0,0.8,13,211,38,0.18,S,202402
52730,16,1,0,18,3,485,54,0.83,0.5,0,0,0,0,0.16,0.5,0,2,4,22,3,925,0.55,0.91,0.74,0.05,0,0.26,0.2,5,6.09,0.4,0.6,9,22,0.3,16,0.7,16,0,1,4,31,14,0.44,S,202402
52800,12,3,0,15,16,615,186,0.74,0.5,0,4,0,0,0.25,0.5,2,0,17,33,52,943,0.55,0.88,0.74,0.05,42,0.26,0.2,76,3.37,0.4,0.6,171,49,0.3,12,0.7,20,0,1,17,210,0,0,S,202402
52770,9,0,0,9,,678,92,0.8,0.5,,,,0,0.19,0.5,,,,,0,0,0.55,0,0.74,0.05,0,0.26,0.2,0,7.74,0.4,0.6,0,17,0.3,9,0.7,0,0,1,,,0,,,202402
52710,533,12,66,611,36,665,814,0.44,0.5,3,3,38,494,0.55,0.5,45,-6,74,686,183,1188,0.55,0.76,0.74,0.05,168,0.26,0.2,94,1.12,0.4,0.6,446,421,0.3,599,0.7,417,0.01,0.6,44,909,322,0.35,S,202402
52140,336,23,0,359,26,559,516,0.65,0.5,12,-1,83,628,0.34,0.5,154,50,110,469,261,1357,0.55,0.81,0.74,0.05,95,0.26,0.2,46,0.54,0.4,0.6,404,893,0.3,336,0.7,412,0.01,0.6,66,882,646,0.73,A,202402
52750,2,0,0,2,3,399,91,0.69,0.5,0,0,0,-103,0.3,0.5,0,5,3,5,1,1200,0.55,0.67,0.74,0.05,0,0.26,0.2,2,6.27,0.4,0.6,3,7,0.3,2,0.7,2,0.04,0.4,1,8,43,5.34,C,202402
52740,3,0,0,4,0,824,68,0.75,0.5,0,0,,0,0.25,0.5,,,,,0,0,0.55,0,0.74,0.05,0,0.26,0.2,0,10.95,0.4,0.6,0,8,0.3,3,0.7,0,0,1,,,0,,,202402
52113,2278,19,142,2439,11,902,289,0.59,0.5,-13,-7,52,576,0.4,0.5,22,60,63,2502,760,1425,0.55,0.72,0.74,0.05,812,0.26,0.2,123,0.32,0.4,0.6,1696,1841,0.3,2420,0.7,1626,0,1,63,3386,347,0.1,S,202402
52111,1237,15,96,1348,7,823,237,0.62,0.5,0,-17,67,1914,0.37,0.5,4,0,74,1423,557,1489,0.55,0.67,0.74,0.05,526,0.26,0.2,70,0.26,0.4,0.6,1153,1692,0.3,1333,0.7,968,0,1,74,2196,1641,0.74,A,202402
52180,134,10,0,145,27,585,480,0.76,0.5,0,0,9,78,0.23,0.5,2,22,37,182,82,1284,0.55,0.7,0.74,0.05,24,0.26,0.2,35,1.37,0.4,0.6,142,245,0.3,134,0.7,118,0,1,37,298,309,1.03,B,202402
52720,8,0,0,9,0,438,77,0.8,0.5,0,0,,0,0.2,0.5,,,,,0,0,0.55,0,0.74,0.05,0,0.26,0.2,0,9.36,0.4,0.6,0,9,0.3,8,0.7,0,0,1,,,0,,,202402
50000,1504,15,0,1520,124,1299,1207,0.79,0.5,43,97,20,420,0.2,0.5,33,7,144,1664,150,2704,0.55,0.32,0.74,0.05,9,0.26,0.2,79,2.07,0.4,0.6,239,1067,0.3,1504,0.7,446,0.01,0.4,57,743,1078,1.45,B,202402
50130,334,2,0,336,30,1056,406,0.67,0.5,5,31,6,85,0.32,0.5,16,-3,36,373,19,2610,0.55,0.29,0.74,0.05,0,0.26,0.2,13,2.78,0.4,0.6,33,215,0.3,334,0.7,88,0.02,0.4,14,136,26,0.19,S,202402
50110,1172,14,0,1187,90,1364,801,0.84,0.5,43,54,12,335,0.15,0.5,16,7,102,1289,150,2704,0.55,0.37,0.74,0.05,10,0.26,0.2,71,1.85,0.4,0.6,232,860,0.3,1172,0.7,408,0.01,0.4,41,682,1052,1.54,C,202402
44000,9183,557,151,9892,88,764,2844,0.6,0.5,-142,-19,947,8285,0.39,0.5,1193,836,1035,10928,2513,1543,0.55,0.68,0.74,0.05,1265,0.26,0.2,702,0.77,0.4,0.6,4481,8490,0.3,9335,0.7,6216,0,0.8,828,11526,10113,0.87,A,202402
44250,573,2,0,575,31,717,382,0.64,0.5,4,7,34,823,0.35,0.5,4,0,65,641,191,1066,0.55,0.87,0.74,0.05,63,0.26,0.2,8,0.14,0.4,0.6,263,377,0.3,573,0.7,452,0,1,65,781,274,0.35,S,202402
44150,199,7,0,207,-5,668,-44,0.61,0.5,-2,-4,23,331,0.38,0.5,17,1,17,224,310,831,0.55,0.99,0.74,0.05,312,0.26,0.2,219,1.46,0.4,0.6,843,273,0.3,199,0.7,221,0.01,0.6,10,1075,136,0.12,S,202402
44710,16,17,0,34,0,607,165,0.62,0.5,0,0,,0,0.37,0.5,,,,,0,0,0.55,0,0.74,0.05,0,0.26,0.2,0,3.47,0.4,0.6,0,40,0.3,16,0.7,0,0,0.8,,,0,,,202402
44230,99,6,0,106,23,678,333,0.8,0.5,0,8,10,296,0.19,0.5,12,5,33,139,50,1490,0.55,0.62,0.74,0.05,28,0.26,0.2,32,1.73,0.4,0.6,112,201,0.3,99,0.7,81,0,1,33,226,287,1.26,B,202402
44270,755,34,0,789,,585,-1229,0.63,0.5,,,,429,0.36,0.5,,,,,0,0,0.55,0,0.74,0.05,0,0.26,0.2,0,0.83,0.4,0.6,0,662,0.3,755,0.7,0,0,1,,,0,,,202402
44180,174,7,0,181,21,684,338,0.75,0.5,0,0,16,0,0.24,0.5,0,49,37,219,100,1372,0.55,0.69,0.74,0.05,43,0.26,0.2,49,1.42,0.4,0.6,193,245,0.3,174,0.7,136,0,1,37,367,323,0.87,A,202402
44760,-9,1,0,-7,0,642,296,0.74,0.5,0,0,,7,0.25,0.5,,,,,0,0,0.55,0,0.74,0.05,0,0.26,0.2,0,4.85,0.4,0.6,0,30,0.3,-9,0.7,0,0,1,,,137,,,202402
44210,903,21,0,925,12,657,315,0.6,0.5,-15,0,25,88,0.39,0.5,34,30,37,962,374,1208,0.55,0.82,0.74,0.05,311,0.26,0.2,115,0.7,0.4,0.6,802,737,0.3,903,0.7,700,0,1,37,1540,242,0.15,S,202402
44770,11,2,0,13,0,618,256,0.73,0.5,0,0,,0,0.26,0.5,,,,,0,0,0.55,0,0.74,0.05,0,0.26,0.2,0,4.79,0.4,0.6,0,47,0.3,11,0.7,0,0,1,,,0,,,202402
44200,3258,261,0,3520,45,820,507,0.61,0.5,0,47,363,4093,0.38,0.5,234,399,409,3930,715,1422,0.55,0.74,0.74,0.05,505,0.26,0.2,99,0.33,0.4,0.6,1320,2390,0.3,3258,0.7,2218,0.01,0.6,245,3785,4861,1.28,B,202402
44810,192,13,0,205,8,592,161,0.67,0.5,-3,1,7,81,0.32,0.5,23,-8,15,221,103,1168,0.55,0.76,0.74,0.05,0,0.26,0.2,53,2.16,0.4,0.6,156,197,0.3,192,0.7,149,0.01,0.6,9,315,0,0,S,202402
44131,1211,50,151,1413,5,735,586,0.51,0.5,-28,-34,126,0,0.48,0.5,379,0,132,1545,529,1402,0.55,0.7,0.74,0.05,105,0.26,0.2,69,0.45,0.4,0.6,704,1087,0.3,1362,0.7,902,0,1,132,1738,0,0,S,202402
44133,3077,137,0,3214,-21,939,-37,0.57,0.5,-35,-21,248,1290,0.42,0.5,556,36,227,3442,712,1678,0.55,0.67,0.74,0.05,405,0.26,0.2,52,0.19,0.4,0.6,1170,2561,0.3,3077,0.7,1963,0,1,227,3361,3691,1.09,B,202402
44790,6,0,0,7,0,540,122,0.81,0.5,0,0,1,0,0.18,0.5,5,0,1,8,0,1222,0.55,0.67,0.74,0.05,0,0.26,0.2,1,7.22,0.4,0.6,2,12,0.3,6,0.7,5,0,1,1,9,60,6.45,C,202402
44825,90,2,0,93,0,556,300,0.63,0.5,0,0,,0,0.36,0.5,,,,,0,0,0.55,0,0.74,0.05,0,0.26,0.2,0,2.8,0.4,0.6,0,98,0.3,90,0.7,0,0,1,,,0,,,202402
44800,170,7,0,178,14,606,393,0.62,0.5,-18,-23,80,881,0.37,0.5,74,55,94,273,367,884,0.55,0.97,0.74,0.05,217,0.26,0.2,164,1.16,0.4,0.6,749,226,0.3,170,0.7,182,0,0.8,75,1007,97,0.09,S,202402
43000,7888,238,114,8241,97,776,2437,0.62,0.5,-179,12,933,3734,0.37,0.5,1543,839,1031,9273,3275,1293,0.55,0.76,0.74,0.05,2937,0.26,0.2,971,0.65,0.4,0.6,7184,7543,0.3,8003,0.7,6007,0,0.8,825,14017,9956,0.71,A,202402
43760,21,1,0,22,0,486,104,0.7,0.5,0,0,,0,0.29,0.5,,,,,0,0,0.55,0,0.74,0.05,0,0.26,0.2,0,10.36,0.4,0.6,0,21,0.3,21,0.7,0,0,1,,,0,,,202402
43800,15,1,0,16,0,594,243,0.75,0.5,0,0,,0,0.24,0.5,,,,,0,0,0.55,0,0.74,0.05,0,0.26,0.2,0,3.87,0.4,0.6,0,34,0.3,15,0.7,0,0,1,,,0,,,202402
43720,12,1,0,14,7,488,151,0.69,0.5,0,0,0,0,0.3,0.5,0,0,7,21,8,1127,0.55,0.78,0.74,0.05,0,0.26,0.2,8,4.17,0.4,0.6,17,23,0.3,12,0.7,12,0.01,0.4,3,32,19,0.6,A,202402
43740,6,8,0,15,2,515,48,0.77,0.5,-2,0,3,4,0.22,0.5,4,7,6,21,24,1003,0.55,0.85,0.74,0.05,7,0.26,0.2,31,4.1,0.4,0.6,63,46,0.3,6,0.7,16,0,1,6,85,78,0.91,A,202402
43730,66,1,0,68,11,644,146,0.68,0.5,0,4,20,302,0.31,0.5,17,15,31,99,53,1077,0.55,0.8,0.74,0.05,34,0.26,0.2,57,2.7,0.4,0.6,144,84,0.3,66,0.7,57,0.03,0.4,12,214,0,0,S,202402
43770,198,60,0,259,7,525,119,0.56,0.5,-2,8,101,734,0.43,0.5,214,18,108,367,102,1186,0.55,0.73,0.74,0.05,37,0.26,0.2,28,0.85,0.4,0.6,168,309,0.3,198,0.7,171,0.03,0.4,43,383,0,0,S,202402
43150,330,19,0,350,,601,153,0.72,0.5,0,,,215,0.27,0.5,,,,,0,0,0.55,0,0.74,0.05,0,0.26,0.2,0,0.74,0.4,0.6,0,452,0.3,330,0.7,0,0.01,0.6,,,0,,,202402
43745,216,9,0,225,,587,71,0.45,0.5,,,,0,0.54,0.5,,,,,0,0,0.55,0,0.74,0.05,0,0.26,0.2,0,0.46,0.4,0.6,0,207,0.3,216,0.7,0,0,1,,,0,,,202402
43750,728,49,0,778,16,655,171,0.68,0.5,4,6,28,160,0.31,0.5,65,2,45,823,252,970,0.55,0.92,0.74,0.05,235,0.26,0.2,85,0.72,0.4,0.6,573,516,0.3,728,0.7,616,0,0.8,36,1226,0,0,S,202402
43111,2374,2,0,2376,16,814,381,0.53,0.5,-14,0,49,0,0.46,0.5,0,148,66,2443,517,1283,0.55,0.78,0.74,0.05,561,0.26,0.2,107,0.41,0.4,0.6,1187,1315,0.3,2374,0.7,1604,0,1,66,2858,1032,0.36,S,202402
43112,350,21,0,371,-3,735,14,0.49,0.5,0,-10,284,2330,0.5,0.5,354,191,281,652,337,1416,0.55,0.69,0.74,0.05,146,0.26,0.2,34,0.29,0.4,0.6,517,1151,0.3,350,0.7,408,0,1,281,1208,3889,3.21,C,202402
43114,840,14,0,854,-14,807,106,0.59,0.5,-60,0,18,0,0.4,0.5,0,55,4,858,447,1464,0.55,0.72,0.74,0.05,305,0.26,0.2,61,0.34,0.4,0.6,813,1055,0.3,840,0.7,657,0,1,4,1475,214,0.14,S,202402
43113,2550,25,114,2690,13,1008,399,0.59,0.5,-51,-1,443,0,0.4,0.5,636,694,457,3148,1009,1286,0.55,0.81,0.74,0.05,1147,0.26,0.2,159,0.3,0.4,0.6,2316,1913,0.3,2665,0.7,1994,0,1,457,4768,4329,0.9,A,202402
43130,862,17,0,879,16,702,331,0.81,0.5,-4,-10,30,0,0.18,0.5,90,0,46,926,242,1471,0.55,0.64,0.74,0.05,147,0.26,0.2,67,0.72,0.4,0.6,457,820,0.3,862,0.7,551,0,1,46,1056,393,0.37,S,202402
36110,5706,38,0,5745,134,1598,370,0.66,0.5,-26,322,108,61,0.33,0.5,310,5,243,5989,2250,1799,0.55,0.7,0.74,0.05,113,0.26,0.2,92,0.16,0.4,0.6,2456,2465,0.3,5706,0.7,3346,0,1,243,6045,451,0.07,S,202402
