loc_code,general_hh_apt_inc,foreign_hh_apt_inc,demolished_apt_inc,natural_demand,internal_invest_demand,avg_trade_price_y3,multi_homeowner_inc_y3,local_buyer_ratio_y3,internal_invest_demand_3yr_wgt_y3,internal_invest_demand_y1,internal_invest_demand_y2,external_invest_demand,absorbed_supply_y3,nonlocal_buyer_ratio_y3,external_invest_demand_3yr_wgt_y3,external_invest_demand_y1,external_invest_demand_y2,total_invest_demand,new_demand_volume,own_hh_apt_move_demand,py_bprice_y3,bprice_threshold_ratio,income_quintile,own_hh_ratio,own_move_plan_yn,rent_hh_apt_move_demand,rent_hh_ratio,rent_move_plan_yn,nonapt_move_demand,nonapt_hh_ratio,nonapt_move_plan_yn,nonapt_price_adj,total_move_demand,single_and_foreign_hh_inc,single_foreign_own_occ_ratio,multi_hh_and_demolished_hh_inc,multi_demolished_own_occ_ratio,hh_increase_demand,unsold_level_ratio,unsold_level_adj_ratio,total_invest_demand_eff,effective_demand,supply_volume_3y,effective_demand_to_supply,supply_demand_grade,base_date
11000,22853,160,4085,27098,91,4272,623,0.37,0.5,-235,413,3753,14891,0.63,0.5,2408,4959,3844,30942,8907,5131,0.55,0.34,0.74,0.05,1837,0.26,0.2,1753,0.68,0.4,0.6,12497,31550,0.3,-4452,0.7,2158,0.0,1.0,3844,18500,22528,1.22,B,202602
11110,92,5,0,97,,3579,-58,0.29,0.5,,,,0,0.71,0.5,,,,,0,,0.55,0.0,0.74,0.05,0,0.26,0.2,0,1.88,0.4,0.6,0,243,0.3,-146,0.7,0,0.0,1.0,,0,0,,C,202602
11140,471,1,14,486,2,3780,21,0.22,0.5,-5,8,42,358,0.78,0.5,0,0,43,529,136,4258,0.55,0.33,0.74,0.05,30,0.26,0.2,22,0.56,0.4,0.6,189,608,0.3,-121,0.7,32,0.0,1.0,43,264,135,0.51,A,202602
11170,-4,-63,10,-57,,6096,-415,0.29,0.5,,,,2,0.71,0.5,,,,,0,,0.55,0.0,0.74,0.05,0,0.26,0.2,0,0.94,0.4,0.6,0,313,0.3,-370,0.7,0,0.0,1.0,,0,44,,C,202602
11200,13,0,34,47,-9,5252,-182,0.25,0.5,-8,-4,208,815,0.75,0.5,264,139,198,245,472,7308,0.55,0.41,0.74,0.05,9,0.26,0.2,38,0.33,0.4,0.6,519,751,0.3,-704,0.7,-110,0.0,1.0,198,608,1280,2.11,C,202602
11215,370,7,133,510,,4530,-96,0.35,0.5,,,,34,0.65,0.5,,,,,0,,0.55,0.0,0.74,0.05,0,0.26,0.2,0,1.72,0.4,0.6,0,612,0.3,-102,0.7,0,0.0,1.0,,0,638,,C,202602
11230,1063,24,104,1191,14,2945,330,0.27,0.5,-6,17,395,744,0.73,0.5,968,33,409,1600,361,4353,0.55,0.29,0.74,0.05,11,0.26,0.2,47,0.53,0.4,0.6,419,1234,0.3,-43,0.7,99,0.0,1.0,409,927,3728,4.02,C,202602
11260,840,6,50,897,5,2243,105,0.38,0.5,-4,6,65,473,0.62,0.5,0,106,70,967,168,3706,0.55,0.21,0.74,0.05,4,0.26,0.2,41,0.98,0.4,0.6,213,1143,0.3,-245,0.7,36,0.0,1.0,70,319,525,1.64,C,202602
11290,655,7,24,686,4,2672,-103,0.34,0.5,14,9,148,550,0.66,0.5,16,319,152,838,417,4444,0.55,0.32,0.74,0.05,5,0.26,0.2,72,0.71,0.4,0.6,494,1097,0.3,-411,0.7,13,0.0,1.0,152,659,1203,1.82,C,202602
11305,152,20,7,179,,2118,113,0.38,0.5,,,,18,0.62,0.5,,,,,0,,0.55,0.0,0.74,0.05,0,0.26,0.2,0,1.72,0.4,0.6,0,601,0.3,-421,0.7,0,0.0,1.0,,0,97,,C,202602
11320,296,9,58,362,,2009,179,0.54,0.5,,,,-12,0.46,0.5,,,,,0,,0.55,0.0,0.74,0.05,0,0.26,0.2,0,0.65,0.4,0.6,0,1061,0.3,-699,0.7,0,0.0,1.0,,0,100,,C,202602
11350,656,21,0,677,5,2411,-14,0.45,0.5,-5,21,81,0,0.55,0.5,0,244,86,763,383,4070,0.55,0.27,0.74,0.05,18,0.26,0.2,14,0.15,0.4,0.6,415,2176,0.3,-1499,0.7,-107,0.0,1.0,86,394,893,2.26,C,202602
11380,920,1,114,1035,-7,2541,-323,0.42,0.5,-4,22,178,2431,0.58,0.5,93,45,171,1205,266,4557,0.55,0.27,0.74,0.05,2,0.26,0.2,87,1.36,0.4,0.6,355,1182,0.3,-147,0.7,68,0.0,1.0,171,594,1419,2.39,C,202602
11410,758,22,25,805,,3139,120,0.29,0.5,,,,-18,0.71,0.5,,,,,0,,0.55,0.0,0.74,0.05,0,0.26,0.2,0,0.8,0.4,0.6,0,861,0.3,-56,0.7,0,0.0,1.0,,0,446,,C,202602
11440,953,9,131,1093,4,4561,146,0.32,0.5,-11,-2,118,131,0.68,0.5,88,222,122,1215,658,4539,0.55,0.38,0.74,0.05,155,0.26,0.2,133,0.68,0.4,0.6,945,1224,0.3,-131,0.7,105,0.0,1.0,122,1172,693,0.59,A,202602
11470,654,-4,31,681,,4311,182,0.46,0.5,,,,128,0.54,0.5,,,,,0,,0.55,0.0,0.74,0.05,0,0.26,0.2,0,0.57,0.4,0.6,0,1224,0.3,-543,0.7,0,0.0,1.0,,0,49,,C,202602
11500,1431,1,197,1630,6,2954,33,0.47,0.5,-25,37,47,175,0.53,0.5,14,97,53,1683,420,4466,0.55,0.26,0.74,0.05,7,0.26,0.2,73,0.71,0.4,0.6,499,2465,0.3,-835,0.7,40,0.0,1.0,53,592,463,0.78,A,202602
11530,1064,5,49,1118,-2,2412,-18,0.38,0.5,-12,9,85,950,0.62,0.5,33,37,83,1202,324,3803,0.55,0.27,0.74,0.05,19,0.26,0.2,47,0.57,0.4,0.6,390,1441,0.3,-323,0.7,56,0.0,1.0,83,529,552,1.04,B,202602
11545,791,-2,0,789,-1,2115,5,0.51,0.5,-11,7,8,3,0.49,0.5,-1,25,7,796,168,2937,0.55,0.31,0.74,0.05,58,0.26,0.2,63,1.15,0.4,0.6,289,948,0.3,-160,0.7,54,0.0,1.0,7,350,73,0.21,S,202602
11560,2023,3,124,2150,5,4263,132,0.33,0.5,-14,10,127,705,0.67,0.5,75,97,132,2282,606,4832,0.55,0.38,0.74,0.05,38,0.26,0.2,62,0.4,0.4,0.6,706,1925,0.3,225,0.7,279,0.0,1.0,132,1117,721,0.65,A,202602
11590,648,-1,54,702,-3,3942,-43,0.28,0.5,-12,5,156,1196,0.72,0.5,107,86,153,854,444,6118,0.55,0.37,0.74,0.05,13,0.26,0.2,90,0.82,0.4,0.6,547,1134,0.3,-433,0.7,14,0.0,1.0,153,714,785,1.1,B,202602
11620,968,9,187,1163,,2543,-9,0.39,0.5,,,,-4,0.61,0.5,,,,,0,,0.55,0.0,0.74,0.05,0,0.26,0.2,0,1.25,0.4,0.6,0,1493,0.3,-330,0.7,0,0.0,1.0,,0,739,,C,202602
11650,351,2,1119,1472,18,7366,210,0.39,0.5,-36,49,837,3319,0.61,0.5,3,1527,855,2326,1030,7584,0.55,0.53,0.74,0.05,324,0.26,0.2,133,0.41,0.4,0.6,1488,780,0.3,691,0.7,381,0.0,1.0,855,2723,3687,1.35,B,202602
11680,2381,18,81,2480,39,8490,355,0.42,0.5,-20,59,204,334,0.58,0.5,4,507,244,2723,1406,8123,0.55,0.53,0.74,0.05,282,0.26,0.2,142,0.35,0.4,0.6,1830,1579,0.3,901,0.7,585,0.0,1.0,244,2659,891,0.34,S,202602
11710,1539,-2,70,1607,-11,5951,-248,0.41,0.5,-4,21,404,1909,0.59,0.5,158,503,393,2000,1269,6070,0.55,0.44,0.74,0.05,344,0.26,0.2,248,0.64,0.4,0.6,1861,2054,0.3,-447,0.7,134,0.0,1.0,393,2388,1951,0.82,A,202602
11740,3029,2,1469,4500,7,4129,201,0.37,0.5,-9,-20,296,650,0.63,0.5,168,439,303,4802,1104,3004,0.55,0.42,0.74,0.05,793,0.26,0.2,237,0.52,0.4,0.6,2133,1987,0.3,2513,0.7,989,0.0,1.0,303,3425,1416,0.41,S,202602
26000,10803,190,849,11842,261,1275,3803,0.54,0.5,-75,426,1098,15852,0.46,0.5,1043,721,1359,13201,1347,3024,0.55,0.28,0.74,0.05,84,0.26,0.2,155,0.45,0.4,0.6,1585,14581,0.3,-2739,0.7,688,0.01,0.8,1087,3360,18035,5.37,C,202602
26110,70,2,0,72,,699,31,0.45,0.5,,,,0,0.55,0.5,,,,,0,,0.55,0.0,0.74,0.05,0,0.26,0.2,0,1.74,0.4,0.6,0,142,0.3,-69,0.7,0,0.0,1.0,,0,0,,C,202602
26140,212,14,3,229,24,1193,106,0.51,0.5,4,55,26,-174,0.49,0.5,4,96,51,280,59,2495,0.55,0.33,0.74,0.05,9,0.26,0.2,17,1.02,0.4,0.6,85,289,0.3,-60,0.7,15,0.01,0.8,41,141,434,3.09,C,202602
26170,271,2,0,273,14,1267,189,0.48,0.5,-1,16,70,372,0.52,0.5,1,151,85,358,112,2061,0.55,0.41,0.74,0.05,11,0.26,0.2,36,1.23,0.4,0.6,159,293,0.3,-20,0.7,30,0.03,0.4,34,223,730,3.27,C,202602
26200,-4,13,7,15,,756,63,0.59,0.5,,,,1,0.41,0.5,,,,,0,,0.55,0.0,0.74,0.05,0,0.26,0.2,0,0.65,0.4,0.6,0,345,0.3,-329,0.7,0,0.0,1.0,,0,0,,C,202602
26230,2307,18,35,2360,37,1121,526,0.53,0.5,-4,60,93,2181,0.47,0.5,20,58,130,2489,143,2893,0.55,0.26,0.74,0.05,2,0.26,0.2,15,0.43,0.4,0.6,160,2229,0.3,130,0.7,198,0.01,0.6,78,436,1655,3.8,C,202602
26260,1287,3,53,1343,22,1532,-76,0.48,0.5,30,46,239,3280,0.52,0.5,56,107,261,1604,496,2340,0.55,0.46,0.74,0.05,147,0.26,0.2,60,0.39,0.4,0.6,703,1122,0.3,221,0.7,226,0.01,0.8,209,1137,1982,1.74,C,202602
26290,344,44,207,595,29,1413,413,0.52,0.5,-40,79,196,736,0.48,0.5,531,-20,225,820,112,3197,0.55,0.27,0.74,0.05,14,0.26,0.2,19,0.62,0.4,0.6,145,981,0.3,-386,0.7,6,0.0,1.0,225,376,4341,11.54,C,202602
26320,625,-8,248,865,12,1006,119,0.64,0.5,-11,29,9,381,0.36,0.5,-4,0,21,886,205,2221,0.55,0.43,0.74,0.05,8,0.26,0.2,11,0.21,0.4,0.6,223,1209,0.3,-344,0.7,53,0.0,1.0,21,297,143,0.48,S,202602
26350,534,11,12,557,1,1809,49,0.56,0.5,-20,16,87,2341,0.44,0.5,55,0,87,644,127,4471,0.55,0.27,0.74,0.05,0,0.26,0.2,7,0.24,0.4,0.6,134,1351,0.3,-793,0.7,-41,0.01,0.8,70,163,1369,8.38,C,202602
26380,358,16,0,374,34,759,391,0.71,0.5,4,43,23,1095,0.29,0.5,3,1,58,432,132,1853,0.55,0.5,0.74,0.05,41,0.26,0.2,17,0.41,0.4,0.6,189,1255,0.3,-881,0.7,-120,0.01,0.8,46,116,436,3.78,C,202602
26410,-148,6,59,-84,,1183,-75,0.58,0.5,,,,-19,0.42,0.5,,,,,0,,0.55,0.0,0.74,0.05,0,0.26,0.2,0,0.75,0.4,0.6,0,570,0.3,-654,0.7,0,0.0,1.0,,0,492,,C,202602
26440,1310,10,0,1319,9,1201,187,0.6,0.5,-8,-4,291,3738,0.4,0.5,287,55,300,1620,514,1681,0.55,0.73,0.74,0.05,147,0.26,0.2,40,0.25,0.4,0.6,701,766,0.3,554,0.7,451,0.01,0.8,240,1392,3202,2.3,C,202602
26470,1210,2,44,1257,22,1455,510,0.42,0.5,-10,12,48,212,0.58,0.5,22,87,71,1327,373,2409,0.55,0.42,0.74,0.05,97,0.26,0.2,48,0.43,0.4,0.6,518,1018,0.3,239,0.7,199,0.0,1.0,71,787,481,0.61,A,202602
26500,691,8,177,877,13,1977,304,0.37,0.5,-3,23,84,1086,0.63,0.5,0,126,98,975,30,5380,0.55,0.19,0.74,0.05,0,0.26,0.2,5,0.77,0.4,0.6,35,849,0.3,28,0.7,52,0.01,0.8,78,165,996,6.03,C,202602
26530,416,23,4,443,17,779,177,0.58,0.5,-14,43,33,235,0.42,0.5,0,77,50,493,144,1731,0.55,0.49,0.74,0.05,40,0.26,0.2,14,0.32,0.4,0.6,198,1035,0.3,-592,0.7,-51,0.02,0.4,20,167,856,5.12,C,202602
26710,1454,12,0,1466,91,971,889,0.61,0.5,30,59,74,387,0.39,0.5,0,170,165,1631,510,1439,0.55,0.7,0.74,0.05,257,0.26,0.2,0,,0.4,0.6,767,900,0.3,567,0.7,467,,0.2,33,1267,917,0.72,A,202602
27000,8851,95,427,9373,296,1067,4318,0.55,0.5,61,388,351,6286,0.45,0.5,182,348,647,10020,695,2895,0.55,0.33,0.74,0.05,36,0.26,0.2,56,0.32,0.4,0.6,787,10261,0.3,-889,0.7,811,0.01,0.8,518,2116,3125,1.48,B,202602
27110,1183,2,10,1195,38,1447,653,0.28,0.5,13,36,68,445,0.72,0.5,46,41,106,1301,385,2023,0.55,0.58,0.74,0.05,36,0.26,0.2,35,0.35,0.4,0.6,456,567,0.3,628,0.7,354,0.01,0.6,63,873,173,0.2,S,202602
27140,1724,7,83,1815,57,968,922,0.57,0.5,5,53,49,919,0.43,0.5,26,35,106,1920,257,2238,0.55,0.44,0.74,0.05,0,0.26,0.2,25,0.41,0.4,0.6,283,1687,0.3,127,0.7,262,0.01,0.8,84,629,587,0.93,A,202602
27170,193,2,0,195,,1054,369,0.46,0.5,,,,106,0.54,0.5,,,,,0,,0.55,0.0,0.74,0.05,0,0.26,0.2,0,1.51,0.4,0.6,0,328,0.3,-132,0.7,0,0.02,0.4,,0,80,,C,202602
27200,61,4,5,70,10,974,141,0.39,0.5,-1,17,139,594,0.61,0.5,50,277,149,218,105,1961,0.55,0.49,0.74,0.05,3,0.26,0.2,33,1.28,0.4,0.6,141,260,0.3,-190,0.7,-27,0.02,0.4,60,173,712,4.11,C,202602
27230,1324,15,173,1513,,859,375,0.61,0.5,,,,756,0.39,0.5,,,,,0,,0.55,0.0,0.74,0.05,0,0.26,0.2,0,0.22,0.4,0.6,0,2092,0.3,-579,0.7,0,0.01,0.8,,0,366,,C,202602
27260,1090,1,12,1103,40,1536,1285,0.53,0.5,-14,0,100,1636,0.47,0.5,81,69,140,1243,204,3906,0.55,0.34,0.74,0.05,4,0.26,0.2,12,0.25,0.4,0.6,220,1436,0.3,-333,0.7,67,0.01,0.8,112,400,705,1.76,C,202602
27290,691,25,144,860,60,953,437,0.59,0.5,49,78,60,1800,0.41,0.5,9,24,120,980,310,2399,0.55,0.45,0.74,0.05,8,0.26,0.2,14,0.18,0.4,0.6,332,2064,0.3,-1204,0.7,-101,0.01,0.8,96,327,491,1.5,B,202602
27710,1546,27,0,1574,,793,103,0.59,0.5,,,,30,0.41,0.5,,,,,0,,0.55,0.0,0.74,0.05,0,0.26,0.2,0,,0.4,0.6,0,1310,0.3,263,0.7,0,,0.2,,0,11,47.22,C,202602
27720,3,1,0,4,,795,33,0.75,0.5,,,,0,0.25,0.5,,,,,0,,0.55,0.0,0.74,0.05,0,0.26,0.2,0,15.33,0.4,0.6,0,1,0.3,3,0.7,0,0.0,1.0,,0,0,,C,202602
28000,16622,392,671,17685,416,1346,2262,0.57,0.5,128,662,2092,20376,0.43,0.5,858,2307,2507,20193,6679,1891,0.55,0.58,0.74,0.05,2351,0.26,0.2,1127,0.52,0.4,0.6,10157,13148,0.3,4537,0.7,4130,0.0,1.0,2507,16794,19672,1.17,B,202602
28110,2029,28,0,2056,20,1108,8,0.51,0.5,18,42,200,2423,0.49,0.5,58,167,220,2276,400,1772,0.55,0.62,0.74,0.05,11,0.26,0.2,45,0.46,0.4,0.6,457,1108,0.3,948,0.7,618,0.0,1.0,220,1294,1363,1.05,B,202602
28140,65,6,0,72,,934,-69,0.42,0.5,,,,-41,0.58,0.5,,,,,0,,0.55,0.0,0.74,0.05,0,0.26,0.2,0,0.56,0.4,0.6,0,214,0.3,-142,0.7,0,0.0,1.0,,0,126,,C,202602
28185,3505,105,32,3641,44,1744,576,0.55,0.5,-15,39,280,1205,0.45,0.5,38,616,325,3966,1173,2544,0.55,0.56,0.74,0.05,235,0.26,0.2,34,0.1,0.4,0.6,1442,1676,0.3,1965,0.7,1052,0.0,1.0,325,2819,2499,0.89,A,202602
28200,664,34,78,777,,1189,-128,0.59,0.5,,,,8,0.41,0.5,,,,,0,,0.55,0.0,0.74,0.05,0,0.26,0.2,0,0.43,0.4,0.6,0,2103,0.3,-1326,0.7,0,0.0,1.0,,0,0,,C,202602
28237,1716,76,66,1857,61,1359,645,0.55,0.5,2,81,192,4157,0.45,0.5,6,36,253,2110,496,2379,0.55,0.42,0.74,0.05,48,0.26,0.2,65,0.5,0.4,0.6,609,1911,0.3,-54,0.7,225,0.0,1.0,253,1087,1558,1.43,B,202602
28245,642,19,95,756,27,1092,200,0.57,0.5,8,36,208,1594,0.43,0.5,74,334,235,991,456,1739,0.55,0.57,0.74,0.05,210,0.26,0.2,83,0.52,0.4,0.6,749,1161,0.3,-405,0.7,37,0.0,1.0,235,1021,2350,2.3,C,202602
28260,6839,55,217,7111,170,1413,-42,0.58,0.5,119,402,752,4489,0.42,0.5,637,865,922,8033,2084,1764,0.55,0.65,0.74,0.05,1165,0.26,0.2,320,0.41,0.4,0.6,3569,3350,0.3,3761,0.7,2364,0.0,1.0,922,6856,7416,1.08,B,202602
28177,1530,74,183,1787,69,1112,821,0.61,0.5,24,32,347,5195,0.39,0.5,117,316,415,2203,579,1862,0.55,0.52,0.74,0.05,188,0.26,0.2,177,0.96,0.4,0.6,943,1473,0.3,314,0.7,344,0.0,1.0,415,1702,3874,2.28,C,202602
28710,39,1,0,39,28,738,162,0.67,0.5,15,38,45,1346,0.33,0.5,0,5,73,112,11,1273,0.55,0.67,0.74,0.05,0,0.26,0.2,0,,0.4,0.6,12,27,0.3,12,0.7,11,,0.2,15,37,485,13.0,C,202602
28720,11,-1,0,10,,,89,,0.5,,,,0,,0.5,,,,,0,,0.55,0.0,0.74,0.05,0,0.26,0.2,0,,0.4,0.6,0,11,0.3,-1,0.7,0,,0.2,,0,0,0.0,S,202602
29000,5559,102,674,6335,83,955,823,0.58,0.5,11,112,454,1848,0.42,0.5,401,756,537,6872,2332,1807,0.55,0.6,0.74,0.05,726,0.26,0.2,161,0.22,0.4,0.6,3219,6809,0.3,-474,0.7,1026,0.0,1.0,537,4783,8085,1.69,C,202602
29110,792,2,0,793,16,1060,117,0.42,0.5,0,31,50,431,0.58,0.5,69,1,66,859,320,1624,0.55,0.67,0.74,0.05,168,0.26,0.2,56,0.48,0.4,0.6,544,573,0.3,220,0.7,218,0.0,1.0,66,828,369,0.45,S,202602
29140,566,11,0,578,6,1005,-30,0.54,0.5,4,18,108,0,0.46,0.5,130,195,115,692,275,2167,0.55,0.52,0.74,0.05,41,0.26,0.2,14,0.19,0.4,0.6,331,1257,0.3,-679,0.7,-51,0.0,1.0,115,394,2038,5.17,C,202602
29155,538,7,236,781,8,1034,51,0.53,0.5,-1,17,91,1032,0.47,0.5,42,110,98,879,211,2091,0.55,0.52,0.74,0.05,40,0.26,0.2,16,0.27,0.4,0.6,267,773,0.3,8,0.7,123,0.0,1.0,98,489,1310,2.68,C,202602
29170,1942,14,438,2395,39,859,618,0.62,0.5,5,25,152,-19,0.38,0.5,143,314,191,2586,546,1878,0.55,0.55,0.74,0.05,115,0.26,0.2,33,0.21,0.4,0.6,695,2289,0.3,106,0.7,419,0.0,1.0,191,1304,3199,2.45,C,202602
29200,1583,68,0,1651,8,950,67,0.63,0.5,2,7,66,404,0.37,0.5,62,86,73,1725,1191,1473,0.55,0.72,0.74,0.05,693,0.26,0.2,72,0.16,0.4,0.6,1957,1861,0.3,-210,0.7,296,0.0,1.0,73,2326,1169,0.5,S,202602
30000,5539,101,266,5906,45,1172,72,0.59,0.5,28,95,673,4792,0.41,0.5,335,1113,718,6624,2157,2027,0.55,0.57,0.74,0.05,480,0.26,0.2,202,0.32,0.4,0.6,2839,6438,0.3,-533,0.7,888,0.0,1.0,718,4446,8372,1.88,C,202602
30110,568,16,40,624,9,897,64,0.54,0.5,-5,24,142,2615,0.46,0.5,50,41,152,776,440,1589,0.55,0.63,0.74,0.05,54,0.26,0.2,60,0.51,0.4,0.6,554,801,0.3,-177,0.7,74,0.0,1.0,152,780,1346,1.73,C,202602
30140,382,5,100,487,-3,1006,86,0.55,0.5,-14,-7,146,830,0.45,0.5,-2,334,143,630,342,1782,0.55,0.58,0.74,0.05,64,0.26,0.2,51,0.52,0.4,0.6,457,790,0.3,-303,0.7,15,0.01,0.6,86,557,1807,3.24,C,202602
30170,1490,28,12,1531,10,1264,-198,0.59,0.5,24,42,180,835,0.41,0.5,244,188,190,1720,904,2014,0.55,0.58,0.74,0.05,135,0.26,0.2,57,0.23,0.4,0.6,1096,2198,0.3,-667,0.7,112,0.0,1.0,190,1397,2144,1.53,C,202602
30200,2846,30,0,2876,14,1400,-63,0.61,0.5,26,22,221,450,0.39,0.5,79,555,234,3110,42,4432,0.55,0.37,0.74,0.05,1,0.26,0.2,2,0.15,0.4,0.6,45,2069,0.3,807,0.7,439,0.0,1.0,234,718,2748,3.83,C,202602
30230,485,12,114,611,18,840,183,0.61,0.5,3,20,21,62,0.39,0.5,-3,59,38,649,264,1598,0.55,0.62,0.74,0.05,22,0.26,0.2,33,0.48,0.4,0.6,319,645,0.3,-34,0.7,105,0.0,1.0,38,462,327,0.71,A,202602
31000,3074,98,233,3405,40,1036,840,0.62,0.5,-88,78,505,9149,0.38,0.5,158,488,545,3950,1595,2055,0.55,0.6,0.74,0.05,516,0.26,0.2,162,0.32,0.4,0.6,2273,3781,0.3,-376,0.7,523,0.01,0.8,436,3232,6522,2.02,C,202602
31110,200,-2,112,311,-6,1143,41,0.57,0.5,-27,3,203,2969,0.43,0.5,21,261,196,507,252,2233,0.55,0.56,0.74,0.05,58,0.26,0.2,36,0.48,0.4,0.6,346,552,0.3,-241,0.7,-2,0.01,0.8,157,502,2290,4.56,C,202602
31140,626,-1,120,746,-2,1301,64,0.6,0.5,-24,7,229,3644,0.4,0.5,66,221,227,973,423,2361,0.55,0.54,0.74,0.05,169,0.26,0.2,38,0.27,0.4,0.6,630,1011,0.3,-266,0.7,63,0.0,1.0,227,921,2576,2.8,C,202602
31170,373,85,0,459,,787,610,0.72,0.5,,,,0,0.28,0.5,,,,,0,,0.55,0.0,0.74,0.05,0,0.26,0.2,0,0.31,0.4,0.6,0,630,0.3,-172,0.7,0,0.0,1.0,,0,0,,C,202602
31200,1188,7,0,1195,,905,71,0.63,0.5,,,,-19,0.37,0.5,,,,,0,,0.55,0.0,0.74,0.05,0,0.26,0.2,0,0.14,0.4,0.6,0,865,0.3,331,0.7,0,0.0,1.0,,0,117,,C,202602
31710,841,20,0,861,23,850,54,0.65,0.5,9,51,139,2555,0.35,0.5,83,78,162,1023,495,1486,0.55,0.73,0.74,0.05,416,0.26,0.2,0,,0.4,0.6,912,750,0.3,111,0.7,221,,0.2,32,1165,1539,1.32,B,202602
36110,4479,20,0,4500,95,1662,141,0.7,0.5,166,73,108,1784,0.3,0.5,2,67,203,4703,2300,1752,0.55,0.72,0.74,0.05,211,0.26,0.2,90,0.15,0.4,0.6,2601,2049,0.3,2450,0.7,1678,0.0,1.0,203,4482,910,0.2,S,202602
41000,80549,1061,3967,85577,1328,1760,6926,0.54,0.5,88,2325,11431,95064,0.46,0.5,6756,9171,12759,98336,35496,2088,0.55,0.59,0.74,0.05,20727,0.26,0.2,5262,0.39,0.4,0.6,61485,58115,0.3,27462,0.7,21628,0.0,1.0,12759,95872,87381,0.91,A,202602
41110,5871,48,0,5919,72,1892,630,0.49,0.5,21,93,425,4534,0.51,0.5,280,220,497,6417,2057,2828,0.55,0.47,0.74,0.05,610,0.26,0.2,218,0.34,0.4,0.6,2885,5408,0.3,511,0.7,931,0.0,1.0,497,4313,3595,0.83,A,202602
41111,1153,6,,,,,767,,0.5,,,,,,0.5,,,,,0,,0.55,0.0,0.74,0.05,0,0.26,0.2,0,0.5,0.4,0.6,0,1092,0.3,67,0.7,0,,0.2,,0,,,C,202602
41113,1585,15,,,,,-25,,0.5,,,,,,0.5,,,,,0,,0.55,0.0,0.74,0.05,0,0.26,0.2,0,0.39,0.4,0.6,0,1735,0.3,-135,0.7,0,,0.2,,0,,,C,202602
41115,1414,4,,,,,48,,0.5,,,,,,0.5,,,,,0,,0.55,0.0,0.74,0.05,0,0.26,0.2,0,0.64,0.4,0.6,0,935,0.3,483,0.7,0,,0.2,,0,,,C,202602
41117,1454,37,,,,,-160,,0.5,,,,,,0.5,,,,,0,,0.55,0.0,0.74,0.05,0,0.26,0.2,0,0.1,0.4,0.6,0,1516,0.3,-25,0.7,0,,0.2,,0,,,C,202602
41130,2135,9,0,2144,69,3863,74,0.43,0.5,24,167,862,2449,0.57,0.5,52,1829,931,3075,1651,3806,0.55,0.41,0.74,0.05,666,0.26,0.2,217,0.39,0.4,0.6,2534,2617,0.3,-472,0.7,186,0.0,1.0,931,3651,3539,0.97,A,202602
41131,638,2,,,,,370,,0.5,,,,,,0.5,,,,,0,,0.55,0.0,0.74,0.05,0,0.26,0.2,0,0.83,0.4,0.6,0,595,0.3,45,0.7,0,,0.2,,0,,,C,202602
41133,302,-3,,,,,-62,,0.5,,,,,,0.5,,,,,0,,0.55,0.0,0.74,0.05,0,0.26,0.2,0,0.94,0.4,0.6,0,450,0.3,-151,0.7,0,,0.2,,0,,,C,202602
41135,1006,2,,,,,-234,,0.5,,,,,,0.5,,,,,0,,0.55,0.0,0.74,0.05,0,0.26,0.2,0,0.13,0.4,0.6,0,1393,0.3,-385,0.7,0,,0.2,,0,,,C,202602
41150,3123,45,7,3175,42,1210,130,0.64,0.5,18,84,179,2921,0.36,0.5,114,144,221,3396,494,2296,0.55,0.44,0.74,0.05,24,0.26,0.2,36,0.29,0.4,0.6,554,2515,0.3,660,0.7,535,0.01,0.8,176,1266,2657,2.1,C,202602
41170,1839,2,0,1841,28,2348,61,0.43,0.5,13,61,389,2794,0.57,0.5,212,396,416,2257,883,3337,0.55,0.34,0.74,0.05,155,0.26,0.2,80,0.32,0.4,0.6,1117,1831,0.3,10,0.7,189,0.0,1.0,416,1723,3400,1.97,C,202602
41171,224,2,,,,,-188,,0.5,,,,,,0.5,,,,,0,,0.55,0.0,0.74,0.05,0,0.26,0.2,0,0.62,0.4,0.6,0,578,0.3,-353,0.7,0,,0.2,,0,,,C,202602
41173,1829,-3,,,,,249,,0.5,,,,,,0.5,,,,,0,,0.55,0.0,0.74,0.05,0,0.26,0.2,0,0.15,0.4,0.6,0,1273,0.3,553,0.7,0,,0.2,,0,,,C,202602
41190,998,116,60,1174,40,1730,584,0.55,0.5,-50,39,389,4089,0.45,0.5,170,253,429,1603,1555,2146,0.55,0.5,0.74,0.05,915,0.26,0.2,421,0.71,0.4,0.6,2890,2312,0.3,-1138,0.7,-52,0.0,1.0,429,3268,3124,0.96,A,202602
41210,-1078,-38,641,-475,-17,2583,-498,0.38,0.5,10,-2,928,6716,0.62,0.5,1000,536,912,437,308,4308,0.55,0.32,0.74,0.05,3,0.26,0.2,22,0.3,0.4,0.6,333,92,0.3,-566,0.7,-118,0.0,1.0,912,1127,7305,6.48,C,202602
41220,7412,102,275,7790,68,1035,427,0.64,0.5,1,113,725,6338,0.36,0.5,697,726,794,8583,1715,1566,0.55,0.69,0.74,0.05,328,0.26,0.2,211,0.43,0.4,0.6,2253,4345,0.3,3444,0.7,2563,0.01,0.6,476,5293,10953,2.07,C,202602
41250,151,8,60,218,,609,109,0.55,0.5,,,,0,0.45,0.5,,,,,0,,0.55,0.0,0.74,0.05,0,0.26,0.2,0,0.74,0.4,0.6,0,377,0.3,-158,0.7,0,0.0,1.0,,0,0,,C,202602
41270,1229,99,0,1328,,1525,528,0.6,0.5,,,,0,0.4,0.5,,,,,0,,0.55,0.0,0.74,0.05,0,0.26,0.2,0,0.89,0.4,0.6,0,1686,0.3,-358,0.7,0,0.0,1.0,,0,552,,C,202602
41271,412,30,,,,,81,,0.5,,,,,,0.5,,,,,0,,0.55,0.0,0.74,0.05,0,0.26,0.2,0,1.36,0.4,0.6,0,649,0.3,-207,0.7,0,,0.2,,0,,,C,202602
41273,885,53,,,,,447,,0.5,,,,,,0.5,,,,,0,,0.55,0.0,0.74,0.05,0,0.26,0.2,0,0.56,0.4,0.6,0,1050,0.3,-112,0.7,0,,0.2,,0,,,C,202602
41280,5710,21,0,5731,1,1545,-447,0.51,0.5,-14,94,577,5846,0.49,0.5,325,446,578,6309,2076,2293,0.55,0.56,0.74,0.05,1123,0.26,0.2,192,0.25,0.4,0.6,3391,4668,0.3,1064,0.7,1201,0.0,1.0,578,5170,5088,0.98,A,202602
41281,3967,10,,,,,-333,,0.5,,,,,,0.5,,,,,0,,0.55,0.0,0.74,0.05,0,0.26,0.2,0,0.32,0.4,0.6,0,2776,0.3,1200,0.7,0,,0.2,,0,,,C,202602
41285,1029,3,,,,,50,,0.5,,,,,,0.5,,,,,0,,0.55,0.0,0.74,0.05,0,0.26,0.2,0,0.32,0.4,0.6,0,889,0.3,143,0.7,0,,0.2,,0,,,C,202602
41287,552,10,,,,,-164,,0.5,,,,,,0.5,,,,,0,,0.55,0.0,0.74,0.05,0,0.26,0.2,0,0.13,0.4,0.6,0,949,0.3,-386,0.7,0,,0.2,,0,,,C,202602
41290,1243,0,222,1465,18,6449,83,0.41,0.5,34,2,380,2412,0.59,0.5,8,364,398,1863,287,5992,0.55,0.52,0.74,0.05,77,0.26,0.2,24,0.27,0.4,0.6,388,188,0.3,1276,0.7,494,0.0,1.0,398,1280,1550,1.21,B,202602
41310,383,2,4,388,8,2199,22,0.57,0.5,-3,21,175,2526,0.43,0.5,83,25,183,571,542,2868,0.55,0.42,0.74,0.05,69,0.26,0.2,40,0.27,0.4,0.6,650,693,0.3,-305,0.7,-2,0.0,1.0,183,830,1323,1.59,C,202602
41360,5135,28,371,5534,26,1440,288,0.57,0.5,-6,27,319,5190,0.43,0.5,79,85,345,5879,1729,2029,0.55,0.57,0.74,0.05,1121,0.26,0.2,192,0.28,0.4,0.6,3041,3313,0.3,2221,0.7,1453,0.0,1.0,345,4839,2680,0.55,A,202602
41370,2265,64,0,2329,39,1132,569,0.52,0.5,-16,18,466,3546,0.48,0.5,188,548,506,2835,1026,1451,0.55,0.75,0.74,0.05,672,0.26,0.2,90,0.22,0.4,0.6,1787,1676,0.3,653,0.7,720,0.0,1.0,506,3013,3836,1.27,B,202602
41390,4879,190,37,5107,30,1379,64,0.77,0.5,-29,101,133,1776,0.23,0.5,209,35,163,5270,1620,1804,0.55,0.63,0.74,0.05,811,0.26,0.2,140,0.24,0.4,0.6,2570,2892,0.3,2215,0.7,1523,0.0,1.0,163,4257,1923,0.45,S,202602
41410,662,-3,0,658,0,1643,-20,0.57,0.5,-5,8,153,1505,0.43,0.5,6,175,153,811,958,1914,0.55,0.62,0.74,0.05,577,0.26,0.2,85,0.23,0.4,0.6,1620,1207,0.3,-549,0.7,-14,0.0,1.0,153,1759,1099,0.62,A,202602
41430,313,-4,14,323,15,2145,-33,0.35,0.5,41,7,478,3132,0.65,0.5,294,325,492,815,450,2665,0.55,0.49,0.74,0.05,215,0.26,0.2,35,0.22,0.4,0.6,700,297,0.3,26,0.7,53,0.0,1.0,492,1245,2703,2.17,C,202602
41450,3943,6,18,3968,61,2987,280,0.5,0.5,48,42,167,1114,0.5,0.5,120,9,229,4196,1424,2226,0.55,0.61,0.74,0.05,1574,0.26,0.2,79,0.11,0.4,0.6,3076,1756,0.3,2211,0.7,1266,0.0,1.0,229,4571,675,0.15,S,202602
41460,5729,49,0,5778,45,1767,653,0.43,0.5,-76,92,992,8566,0.57,0.5,175,750,1037,6815,3879,2094,0.55,0.66,0.74,0.05,2872,0.26,0.2,454,0.28,0.4,0.6,7205,3907,0.3,1871,0.7,1638,0.0,1.0,1037,9880,4986,0.5,S,202602
41461,1440,20,,,,,468,,0.5,,,,,,0.5,,,,,0,,0.55,0.0,0.74,0.05,0,0.26,0.2,0,1.15,0.4,0.6,0,911,0.3,549,0.7,0,,0.2,,0,,,C,202602
41463,2126,13,,,,,477,,0.5,,,,,,0.5,,,,,0,,0.55,0.0,0.74,0.05,0,0.26,0.2,0,0.15,0.4,0.6,0,1747,0.3,392,0.7,0,,0.2,,0,,,C,202602
41465,1648,16,,,,,-292,,0.5,,,,,,0.5,,,,,0,,0.55,0.0,0.74,0.05,0,0.26,0.2,0,0.08,0.4,0.6,0,933,0.3,732,0.7,0,,0.2,,0,,,C,202602
41480,4611,35,0,4647,58,1122,297,0.65,0.5,18,98,341,4857,0.35,0.5,227,296,399,5046,850,1904,0.55,0.6,0.74,0.05,231,0.26,0.2,101,0.39,0.4,0.6,1182,2230,0.3,2417,0.7,1416,0.0,1.0,399,2997,4129,1.38,B,202602
41500,1056,22,0,1077,15,854,64,0.66,0.5,3,32,177,3711,0.34,0.5,76,144,192,1269,232,1744,0.55,0.63,0.74,0.05,139,0.26,0.2,82,0.92,0.4,0.6,452,825,0.3,252,0.7,267,0.02,0.4,77,796,3689,4.63,C,202602
41550,1275,99,0,1374,34,750,413,0.6,0.5,-6,37,118,949,0.4,0.5,194,50,152,1526,468,1294,0.55,0.75,0.74,0.05,122,0.26,0.2,82,0.58,0.4,0.6,672,1018,0.3,356,0.7,416,0.01,0.8,122,1210,1568,1.3,B,202602
41570,5025,56,180,5261,-11,1331,-60,0.51,0.5,-40,18,448,6398,0.49,0.5,68,304,437,5698,1409,2131,0.55,0.6,0.74,0.05,331,0.26,0.2,79,0.19,0.4,0.6,1819,2797,0.3,2463,0.7,1538,0.01,0.8,350,3707,4545,1.23,B,202602
41590,12656,114,0,12770,188,1709,434,0.65,0.5,67,349,708,6211,0.35,0.5,852,141,895,13665,4571,1643,0.55,0.75,0.74,0.05,4203,0.26,0.2,442,0.21,0.4,0.6,9216,6313,0.3,6457,0.7,4810,0.0,1.0,895,14922,5524,0.37,S,202602
41610,1490,12,0,1502,45,1281,471,0.54,0.5,-3,64,101,1342,0.46,0.5,12,108,146,1648,512,2186,0.55,0.51,0.74,0.05,107,0.26,0.2,220,1.48,0.4,0.6,839,861,0.3,641,0.7,361,0.0,1.0,146,1345,923,0.69,A,202602
41630,5050,30,0,5080,116,1000,483,0.52,0.5,23,241,499,5488,0.48,0.5,196,419,615,5695,784,1498,0.55,0.66,0.74,0.05,165,0.26,0.2,61,0.27,0.4,0.6,1010,2156,0.3,2924,0.7,1778,0.02,0.4,246,3034,4537,1.5,B,202602
41650,231,13,0,244,,676,240,0.62,0.5,,,,0,0.38,0.5,,,,,0,,0.55,0.0,0.74,0.05,0,0.26,0.2,0,1.58,0.4,0.6,0,297,0.3,-53,0.7,0,0.0,1.0,,0,281,,C,202602
41670,405,7,0,412,36,774,306,0.65,0.5,19,41,27,485,0.35,0.5,0,38,63,475,97,1551,0.55,0.63,0.74,0.05,86,0.26,0.2,76,1.72,0.4,0.6,259,297,0.3,116,0.7,107,0.01,0.6,38,404,504,1.25,B,202602
41800,44,2,0,46,,640,90,0.63,0.5,,,,4,0.37,0.5,,,,,0,,0.55,0.0,0.74,0.05,0,0.26,0.2,0,,0.4,0.6,0,77,0.3,-31,0.7,0,,0.2,,0,33,138.89,C,202602
41820,116,1,0,118,24,761,257,0.63,0.5,9,18,17,43,0.37,0.5,0,47,41,158,33,1399,0.55,0.61,0.74,0.05,0,0.26,0.2,0,,0.4,0.6,33,101,0.3,17,0.7,26,,0.2,8,67,311,4.62,C,202602
41830,265,2,0,267,65,1106,427,0.58,0.5,26,86,21,122,0.42,0.5,1,46,86,353,107,1664,0.55,0.57,0.74,0.05,6,0.26,0.2,0,,0.4,0.6,113,145,0.3,122,0.7,73,,0.2,17,204,348,1.71,C,202602
51000,6546,149,0,6694,337,757,2338,0.72,0.5,173,400,288,4949,0.28,0.5,249,255,625,7319,1993,1446,0.55,0.67,0.74,0.05,928,0.26,0.2,505,0.72,0.4,0.6,3425,6668,0.3,26,0.7,1353,0.01,0.8,500,5278,6195,1.17,B,202602
51110,1782,12,0,1794,23,920,-45,0.78,0.5,45,35,47,904,0.22,0.5,64,20,70,1864,498,1625,0.55,0.65,0.74,0.05,306,0.26,0.2,77,0.4,0.4,0.6,882,1599,0.3,195,0.7,401,0.0,1.0,70,1353,1316,0.97,A,202602
51130,2799,53,0,2852,51,720,367,0.73,0.5,11,69,133,2531,0.27,0.5,61,154,184,3036,835,1341,0.55,0.73,0.74,0.05,461,0.26,0.2,93,0.3,0.4,0.6,1389,2227,0.3,625,0.7,807,0.0,1.0,184,2379,2300,0.97,A,202602
51150,636,20,0,656,49,804,380,0.75,0.5,18,60,27,608,0.25,0.5,26,18,75,731,173,1722,0.55,0.57,0.74,0.05,74,0.26,0.2,37,0.63,0.4,0.6,285,736,0.3,-81,0.7,94,0.02,0.4,30,408,812,1.99,C,202602
51170,428,-1,0,427,,595,155,0.66,0.5,,,,0,0.34,0.5,,,,,0,,0.55,0.0,0.74,0.05,0,0.26,0.2,0,0.48,0.4,0.6,0,492,0.3,-65,0.7,0,0.0,1.0,,0,0,,C,202602
51190,1,7,0,8,,405,183,0.66,0.5,,,,0,0.34,0.5,,,,,0,,0.55,0.0,0.74,0.05,0,0.26,0.2,0,0.72,0.4,0.6,0,152,0.3,-144,0.7,0,0.0,1.0,,0,409,,C,202602
51210,493,13,0,506,,845,55,0.62,0.5,,,,333,0.38,0.5,,,,,0,,0.55,0.0,0.74,0.05,0,0.26,0.2,0,0.38,0.4,0.6,0,508,0.3,-1,0.7,0,0.02,0.4,,0,650,,C,202602
51230,69,4,0,73,23,569,310,0.69,0.5,10,18,4,217,0.31,0.5,0,-1,27,100,32,1459,0.55,0.63,0.74,0.05,0,0.26,0.2,8,1.04,0.4,0.6,40,167,0.3,-94,0.7,-10,0.02,0.4,11,41,139,3.42,C,202602
51720,128,4,0,132,24,642,182,0.74,0.5,18,28,6,5,0.26,0.5,2,15,30,162,24,1552,0.55,0.57,0.74,0.05,0,0.26,0.2,0,,0.4,0.6,24,142,0.3,-10,0.7,20,,0.2,6,50,180,3.57,C,202602
51730,91,4,0,96,,618,38,0.68,0.5,,,,0,0.32,0.5,,,,,0,,0.55,0.0,0.74,0.05,0,0.26,0.2,0,,0.4,0.6,0,89,0.3,6,0.7,0,,0.2,,0,0,0.0,S,202602
51750,66,2,0,68,,594,117,0.72,0.5,,,,102,0.28,0.5,,,,,0,,0.55,0.0,0.74,0.05,0,0.26,0.2,0,,0.4,0.6,0,80,0.3,-12,0.7,0,,0.2,,0,34,141.67,C,202602
51760,52,4,0,57,,627,146,0.42,0.5,,,,32,0.58,0.5,,,,,0,,0.55,0.0,0.74,0.05,0,0.26,0.2,0,,0.4,0.6,0,65,0.3,-8,0.7,0,,0.2,,0,0,0.0,S,202602
51770,48,2,0,50,,417,180,0.61,0.5,,,,177,0.39,0.5,,,,,0,,0.55,0.0,0.74,0.05,0,0.26,0.2,0,,0.4,0.6,0,87,0.3,-37,0.7,0,,0.2,,0,83,347.22,C,202602
51780,29,3,0,32,,494,91,0.8,0.5,,,,7,0.2,0.5,,,,,0,,0.55,0.0,0.74,0.05,0,0.26,0.2,0,,0.4,0.6,0,76,0.3,-44,0.7,0,,0.2,,0,30,125.0,C,202602
51790,28,1,0,29,,748,76,0.9,0.5,,,,0,0.1,0.5,,,,,0,,0.55,0.0,0.74,0.05,0,0.26,0.2,0,,0.4,0.6,0,42,0.3,-13,0.7,0,,0.2,,0,40,166.67,C,202602
51800,24,3,0,27,,628,14,0.82,0.5,,,,0,0.18,0.5,,,,,0,,0.55,0.0,0.74,0.05,0,0.26,0.2,0,,0.4,0.6,0,42,0.3,-15,0.7,0,,0.2,,0,33,138.89,C,202602
51810,85,2,0,87,13,655,50,0.82,0.5,3,24,1,27,0.18,0.5,0,0,14,101,20,1037,0.55,0.88,0.74,0.05,10,0.26,0.2,0,,0.4,0.6,30,83,0.3,4,0.7,24,,0.2,3,57,43,0.76,A,202602
51820,59,1,0,60,,762,17,0.54,0.5,,,,0,0.46,0.5,,,,,0,,0.55,0.0,0.74,0.05,0,0.26,0.2,0,,0.4,0.6,0,54,0.3,6,0.7,0,,0.2,,0,33,138.89,C,202602
51830,70,3,0,73,,710,22,0.57,0.5,,,,6,0.43,0.5,,,,,0,,0.55,0.0,0.74,0.05,0,0.26,0.2,0,,0.4,0.6,0,71,0.3,1,0.7,0,,0.2,,0,93,387.5,C,202602
43000,7255,303,355,7914,201,792,1807,0.64,0.5,11,263,646,9591,0.36,0.5,413,543,848,8761,2776,1380,0.55,0.73,0.74,0.05,2228,0.26,0.2,744,0.62,0.4,0.6,5748,7238,0.3,675,0.7,1930,0.01,0.8,678,8356,8756,1.05,B,202602
43130,817,17,0,834,32,704,411,0.79,0.5,-11,35,9,-36,0.21,0.5,0,28,41,875,215,1563,0.55,0.63,0.74,0.05,123,0.26,0.2,58,0.71,0.4,0.6,396,831,0.3,3,0.7,158,0.0,1.0,41,595,393,0.66,A,202602
43150,225,25,0,249,,611,230,0.76,0.5,,,,286,0.24,0.5,,,,,0,,0.55,0.0,0.74,0.05,0,0.26,0.2,0,0.75,0.4,0.6,0,391,0.3,-141,0.7,0,0.0,1.0,,0,0,,C,202602
43110,5593,85,0,5677,50,880,365,0.59,0.5,-16,97,705,8454,0.41,0.5,515,489,754,6432,2248,1373,0.55,0.76,0.74,0.05,2003,0.26,0.2,316,0.31,0.4,0.6,4567,5042,0.3,636,0.7,1488,0.0,1.0,754,6809,7843,1.15,B,202602
43111,2118,5,0,2124,-3,842,-162,0.64,0.5,-16,42,,,0.36,0.5,,,,,524,1268,0.55,0.79,0.74,0.05,580,0.26,0.2,95,0.36,0.4,0.6,1200,1285,0.3,838,0.7,768,,0.2,,1968,1279,0.65,A,202602
43112,146,22,0,167,-7,729,-85,0.51,0.5,-10,1,,,0.49,0.5,,,,,341,1419,0.55,0.7,0.74,0.05,148,0.26,0.2,34,0.29,0.4,0.6,523,876,0.3,-708,0.7,-163,,0.2,,360,2601,7.23,C,202602
43113,2694,31,355,3080,45,1051,395,0.56,0.5,-1,52,,,0.44,0.5,,,,,917,1377,0.55,0.79,0.74,0.05,850,0.26,0.2,115,0.27,0.4,0.6,1882,1976,0.3,1103,0.7,1079,,0.2,,2960,3721,1.26,B,202602
43114,663,23,0,686,,814,217,0.67,0.5,,,,,0.33,0.5,,,,,0,,0.55,0.0,0.74,0.05,0,0.26,0.2,0,0.32,0.4,0.6,0,900,0.3,-214,0.7,0,,0.2,,0,241,,C,202602
43720,14,3,0,17,,489,89,0.7,0.5,,,,0,0.3,0.5,,,,,0,,0.55,0.0,0.74,0.05,0,0.26,0.2,0,,0.4,0.6,0,29,0.3,-12,0.7,0,,0.2,,0,20,81.94,C,202602
43730,66,5,0,71,,669,25,0.78,0.5,,,,60,0.22,0.5,,,,,0,,0.55,0.0,0.74,0.05,0,0.26,0.2,0,,0.4,0.6,0,98,0.3,-27,0.7,0,,0.2,,0,23,97.22,C,202602
43740,7,9,0,16,,517,103,0.81,0.5,,,,0,0.19,0.5,,,,,0,,0.55,0.0,0.74,0.05,0,0.26,0.2,0,,0.4,0.6,0,47,0.3,-31,0.7,0,,0.2,,0,78,326.39,C,202602
43750,614,60,0,674,,671,267,0.67,0.5,,,,100,0.33,0.5,,,,,0,,0.55,0.0,0.74,0.05,0,0.26,0.2,0,,0.4,0.6,0,474,0.3,200,0.7,0,,0.2,,0,51,213.89,C,202602
43760,20,2,0,22,,486,124,0.72,0.5,,,,350,0.28,0.5,,,,,0,,0.55,0.0,0.74,0.05,0,0.26,0.2,0,,0.4,0.6,0,24,0.3,-2,0.7,0,,0.2,,0,117,486.11,C,202602
43770,251,81,0,332,,525,109,0.58,0.5,,,,377,0.42,0.5,,,,,0,,0.55,0.0,0.74,0.05,0,0.26,0.2,0,,0.4,0.6,0,366,0.3,-33,0.7,0,,0.2,,0,82,340.28,C,202602
43800,17,3,0,20,,599,108,0.76,0.5,,,,0,0.24,0.5,,,,,0,,0.55,0.0,0.74,0.05,0,0.26,0.2,0,,0.4,0.6,0,36,0.3,-16,0.7,0,,0.2,,0,0,0.0,S,202602
43745,200,13,0,213,,590,-24,0.57,0.5,,,,0,0.43,0.5,,,,,0,,0.55,0.0,0.74,0.05,0,0.26,0.2,0,,0.4,0.6,0,202,0.3,12,0.7,0,,0.2,,0,149,619.44,C,202602
44000,9581,675,195,10450,231,766,2872,0.61,0.5,-13,260,721,9200,0.39,0.5,363,884,952,11402,2653,1496,0.55,0.69,0.74,0.05,1444,0.26,0.2,708,0.72,0.4,0.6,4805,9000,0.3,1450,0.7,2563,0.01,0.6,571,7939,11068,1.39,B,202602
44130,3754,217,0,3971,50,856,1000,0.55,0.5,-43,46,341,5115,0.45,0.5,144,268,390,4361,1108,1620,0.55,0.68,0.74,0.05,522,0.26,0.2,106,0.27,0.4,0.6,1736,3333,0.3,638,0.7,984,0.01,0.6,234,2953,3613,1.22,B,202602
44131,1122,60,151,1334,35,729,620,0.53,0.5,-29,50,,,0.47,0.5,,,,,470,1453,0.55,0.7,0.74,0.05,86,0.26,0.2,56,0.42,0.4,0.6,611,943,0.3,391,0.7,390,,0.2,,1001,537,0.54,A,202602
44133,2696,163,40,2899,13,935,380,0.56,0.5,-16,-3,,,0.44,0.5,,,,,754,1666,0.55,0.68,0.74,0.05,465,0.26,0.2,53,0.18,0.4,0.6,1272,2448,0.3,451,0.7,714,,0.2,,1986,3076,1.55,C,202602
44150,215,11,0,226,-3,693,11,0.77,0.5,-5,-7,11,30,0.23,0.5,1,29,8,234,279,873,0.55,0.96,0.74,0.05,230,0.26,0.2,170,1.39,0.4,0.6,679,312,0.3,-86,0.7,32,0.01,0.6,5,715,137,0.19,S,202602
44180,172,11,0,183,,698,-71,0.79,0.5,,,,-474,0.21,0.5,,,,,0,,0.55,0.0,0.74,0.05,0,0.26,0.2,0,1.33,0.4,0.6,0,283,0.3,-100,0.7,0,0.02,0.4,,0,324,,C,202602
44200,3862,284,0,4146,94,812,1097,0.61,0.5,37,52,370,4279,0.39,0.5,181,444,464,4610,717,1403,0.55,0.75,0.74,0.05,507,0.26,0.2,88,0.3,0.4,0.6,1312,2628,0.3,1518,0.7,1388,0.02,0.4,186,2886,4924,1.71,C,202602
44210,840,31,0,871,28,669,260,0.76,0.5,1,40,18,426,0.24,0.5,19,11,46,917,208,1496,0.55,0.71,0.74,0.05,88,0.26,0.2,48,0.68,0.4,0.6,344,777,0.3,94,0.7,212,0.01,0.8,37,593,519,0.87,A,202602
44230,74,11,0,86,19,691,124,0.66,0.5,5,35,7,-76,0.34,0.5,2,23,26,112,39,1564,0.55,0.6,0.74,0.05,28,0.26,0.2,27,1.68,0.4,0.6,94,210,0.3,-124,0.7,-14,0.0,1.0,26,105,287,2.73,C,202602
44250,587,1,0,588,,730,100,0.53,0.5,,,,-272,0.47,0.5,,,,,0,,0.55,0.0,0.74,0.05,0,0.26,0.2,0,0.14,0.4,0.6,0,385,0.3,203,0.7,0,0.01,0.6,,0,274,,C,202602
44270,897,38,0,935,,621,-124,0.6,0.5,,,,-77,0.4,0.5,,,,,0,,0.55,0.0,0.74,0.05,0,0.26,0.2,0,0.74,0.4,0.6,0,754,0.3,181,0.7,0,0.0,1.0,,0,135,,C,202602
44710,48,16,4,67,,606,109,0.72,0.5,,,,18,0.28,0.5,,,,,0,,0.55,0.0,0.74,0.05,0,0.26,0.2,0,,0.4,0.6,0,70,0.3,-3,0.7,0,,0.2,,0,0,0.0,S,202602
44760,-5,3,0,-2,14,627,72,0.78,0.5,-7,35,2,85,0.22,0.5,0,0,15,13,32,1314,0.55,0.68,0.74,0.05,3,0.26,0.2,0,,0.4,0.6,36,43,0.3,-46,0.7,-13,,0.2,3,26,138,5.25,C,202602
44770,8,4,0,12,,607,-96,0.72,0.5,,,,-1,0.28,0.5,,,,,0,,0.55,0.0,0.74,0.05,0,0.26,0.2,0,,0.4,0.6,0,46,0.3,-34,0.7,0,,0.2,,0,0,0.0,S,202602
44790,7,1,0,8,7,510,50,0.79,0.5,-1,14,0,-76,0.21,0.5,0,2,7,14,1,1283,0.55,0.67,0.74,0.05,0,0.26,0.2,0,,0.4,0.6,1,17,0.3,-9,0.7,-1,,0.2,1,1,61,42.14,C,202602
44800,281,14,0,295,13,604,103,0.58,0.5,-14,37,50,212,0.42,0.5,22,106,63,358,132,1245,0.55,0.78,0.74,0.05,28,0.26,0.2,0,,0.4,0.6,160,308,0.3,-12,0.7,65,,0.2,13,237,656,2.76,C,202602
44810,201,21,0,222,,599,136,0.61,0.5,,,,11,0.39,0.5,,,,,0,,0.55,0.0,0.74,0.05,0,0.26,0.2,0,,0.4,0.6,0,215,0.3,7,0.7,0,,0.2,,0,0,0.0,S,202602
44825,86,3,0,89,,560,101,0.65,0.5,,,,0,0.35,0.5,,,,,0,,0.55,0.0,0.74,0.05,0,0.26,0.2,0,,0.4,0.6,0,104,0.3,-15,0.7,0,,0.2,,0,0,0.0,S,202602
52000,4922,162,182,5266,134,729,-37,0.67,0.5,-4,414,264,4457,0.33,0.5,143,280,398,5664,1871,1445,0.55,0.68,0.74,0.05,1497,0.26,0.2,582,0.72,0.4,0.6,3951,6269,0.3,-1004,0.7,801,0.01,0.8,318,5071,4820,0.95,A,202602
52110,2759,27,0,2786,-1,894,-211,0.65,0.5,-21,61,165,2769,0.35,0.5,31,175,165,2951,1289,1492,0.55,0.69,0.74,0.05,1267,0.26,0.2,178,0.29,0.4,0.6,2733,3127,0.3,-340,0.7,483,0.0,1.0,165,3381,2175,0.64,A,202602
52111,1195,10,96,1302,14,853,153,0.66,0.5,-15,27,,,0.34,0.5,,,,,575,1474,0.55,0.68,0.74,0.05,535,0.26,0.2,67,0.25,0.4,0.6,1177,1589,0.3,-288,0.7,187,,0.2,,1364,1641,1.2,B,202602
52113,1571,17,0,1588,-12,936,-364,0.63,0.5,-6,34,,,0.37,0.5,,,,,614,1665,0.55,0.65,0.74,0.05,519,0.26,0.2,84,0.31,0.4,0.6,1218,1545,0.3,42,0.7,321,,0.2,,1538,534,0.35,S,202602
52130,1023,51,20,1094,34,539,292,0.74,0.5,12,45,38,705,0.26,0.5,36,40,72,1165,319,1302,0.55,0.73,0.74,0.05,196,0.26,0.2,52,0.42,0.4,0.6,567,1284,0.3,-190,0.7,184,0.01,0.8,57,809,901,1.11,B,202602
52140,389,29,0,418,,565,14,0.7,0.5,,,,91,0.3,0.5,,,,,0,,0.55,0.0,0.74,0.05,0,0.26,0.2,0,0.52,0.4,0.6,0,853,0.3,-435,0.7,0,0.01,0.8,,0,516,,C,202602
52180,137,10,0,147,41,608,376,0.8,0.5,-2,53,9,257,0.2,0.5,13,3,50,198,84,1266,0.55,0.71,0.74,0.05,27,0.26,0.2,34,1.3,0.4,0.6,145,272,0.3,-124,0.7,-4,0.0,1.0,50,191,309,1.62,C,202602
52190,106,4,0,110,21,603,153,0.79,0.5,4,27,0,24,0.21,0.5,0,0,21,131,37,1153,0.55,0.77,0.74,0.05,4,0.26,0.2,16,1.58,0.4,0.6,58,176,0.3,-66,0.7,5,0.01,0.8,17,80,38,0.48,S,202602
52210,125,15,0,140,,497,230,0.68,0.5,,,,213,0.32,0.5,,,,,0,,0.55,0.0,0.74,0.05,0,0.26,0.2,0,2.06,0.4,0.6,0,178,0.3,-39,0.7,0,0.01,0.6,,0,428,,C,202602
52710,653,13,66,732,,712,-289,0.53,0.5,,,,100,0.47,0.5,,,,,0,,0.55,0.0,0.74,0.05,0,0.26,0.2,0,,0.4,0.6,0,444,0.3,288,0.7,0,,0.2,,0,199,827.78,C,202602
52720,11,1,0,12,,405,49,0.81,0.5,,,,0,0.19,0.5,,,,,0,,0.55,0.0,0.74,0.05,0,0.26,0.2,0,,0.4,0.6,0,12,0.3,1,0.7,0,,0.2,,0,0,0.0,S,202602
52730,15,3,0,18,,502,28,0.83,0.5,,,,0,0.17,0.5,,,,,0,,0.55,0.0,0.74,0.05,0,0.26,0.2,0,,0.4,0.6,0,22,0.3,-4,0.7,0,,0.2,,0,14,58.33,C,202602
52740,4,1,0,5,,825,-37,0.75,0.5,,,,0,0.25,0.5,,,,,0,,0.55,0.0,0.74,0.05,0,0.26,0.2,0,,0.4,0.6,0,9,0.3,-5,0.7,0,,0.2,,0,40,166.67,C,202602
52750,0,0,0,1,,400,-135,0.6,0.5,,,,31,0.4,0.5,,,,,0,,0.55,0.0,0.74,0.05,0,0.26,0.2,0,,0.4,0.6,0,8,0.3,-7,0.7,0,,0.2,,0,43,179.17,C,202602
52770,13,1,0,14,8,686,65,0.73,0.5,0,11,7,267,0.27,0.5,0,0,16,30,12,1166,0.55,0.78,0.74,0.05,0,0.26,0.2,0,,0.4,0.6,12,18,0.3,-3,0.7,2,,0.2,3,18,88,5.0,C,202602
52790,12,4,0,16,,642,-402,0.81,0.5,,,,0,0.19,0.5,,,,,0,,0.55,0.0,0.74,0.05,0,0.26,0.2,0,,0.4,0.6,0,44,0.3,-28,0.7,0,,0.2,,0,69,286.11,C,202602
52800,15,4,0,20,,633,-170,0.8,0.5,,,,0,0.2,0.5,,,,,0,,0.55,0.0,0.74,0.05,0,0.26,0.2,0,,0.4,0.6,0,63,0.3,-44,0.7,0,,0.2,,0,0,0.0,S,202602
46000,4769,270,106,5145,389,656,2806,0.7,0.5,75,592,197,3093,0.3,0.5,124,229,586,5731,2032,1284,0.55,0.75,0.74,0.05,1332,0.26,0.2,912,1.13,0.4,0.6,4276,5496,0.3,-351,0.7,1052,0.01,0.8,469,5796,4250,0.73,A,202602
46110,491,27,0,518,22,540,325,0.73,0.5,-5,21,2,70,0.27,0.5,0,3,25,542,247,1257,0.55,0.73,0.74,0.05,115,0.26,0.2,31,0.36,0.4,0.6,394,1133,0.3,-615,0.7,-66,0.0,1.0,25,352,43,0.12,S,202602
46130,789,25,106,920,48,747,14,0.84,0.5,53,90,13,513,0.16,0.5,-5,26,62,982,329,1644,0.55,0.65,0.74,0.05,107,0.26,0.2,59,0.56,0.4,0.6,494,973,0.3,-53,0.7,166,0.01,0.8,49,709,574,0.81,A,202602
46150,1331,17,0,1348,41,745,21,0.73,0.5,1,117,21,-383,0.27,0.5,1,89,62,1410,458,1478,0.55,0.72,0.74,0.05,250,0.26,0.2,75,0.44,0.4,0.6,782,1242,0.3,106,0.7,322,0.01,0.8,50,1154,832,0.72,A,202602
46170,531,35,0,566,28,734,131,0.71,0.5,0,51,10,281,0.29,0.5,0,1,38,604,398,1037,0.55,0.88,0.74,0.05,285,0.26,0.2,143,0.87,0.4,0.6,825,433,0.3,133,0.7,196,0.0,1.0,38,1060,104,0.1,S,202602
46230,1136,17,0,1153,30,485,399,0.59,0.5,12,36,46,1129,0.41,0.5,16,35,76,1229,168,1311,0.55,0.79,0.74,0.05,45,0.26,0.2,19,0.38,0.4,0.6,232,846,0.3,306,0.7,370,0.01,0.8,61,662,663,1.0,A,202602
46710,37,0,0,37,,734,94,0.72,0.5,,,,73,0.28,0.5,,,,,0,,0.55,0.0,0.74,0.05,0,0.26,0.2,0,,0.4,0.6,0,39,0.3,-2,0.7,0,,0.2,,0,106,441.67,C,202602
46720,7,0,0,7,,460,44,0.86,0.5,,,,0,0.14,0.5,,,,,0,,0.55,0.0,0.74,0.05,0,0.26,0.2,0,,0.4,0.6,0,12,0.3,-5,0.7,0,,0.2,,0,40,166.67,C,202602
46730,8,,0,,,676,97,0.72,0.5,,,,-43,0.28,0.5,,,,,0,,0.55,0.0,0.74,0.05,0,0.26,0.2,0,,0.4,0.6,0,13,0.3,-4,0.7,0,,0.2,,0,0,0.0,S,202602
46770,22,3,0,25,,613,323,0.84,0.5,,,,8,0.16,0.5,,,,,0,,0.55,0.0,0.74,0.05,0,0.26,0.2,0,,0.4,0.6,0,43,0.3,-18,0.7,0,,0.2,,0,0,0.0,S,202602
46780,5,2,0,6,,509,93,0.61,0.5,,,,0,0.39,0.5,,,,,0,,0.55,0.0,0.74,0.05,0,0.26,0.2,0,,0.4,0.6,0,22,0.3,-16,0.7,0,,0.2,,0,0,0.0,S,202602
46790,179,4,0,183,,628,15,0.73,0.5,,,,5,0.27,0.5,,,,,0,,0.55,0.0,0.74,0.05,0,0.26,0.2,0,,0.4,0.6,0,192,0.3,-9,0.7,0,,0.2,,0,121,504.17,C,202602
46800,2,1,0,3,,524,-2,0.76,0.5,,,,14,0.24,0.5,,,,,0,,0.55,0.0,0.74,0.05,0,0.26,0.2,0,,0.4,0.6,0,23,0.3,-20,0.7,0,,0.2,,0,15,62.5,C,202602
46810,10,1,0,11,,672,99,0.87,0.5,,,,0,0.13,0.5,,,,,0,,0.55,0.0,0.74,0.05,0,0.26,0.2,0,,0.4,0.6,0,25,0.3,-14,0.7,0,,0.2,,0,75,313.89,C,202602
46820,22,5,0,27,29,591,206,0.8,0.5,5,39,10,296,0.2,0.5,0,14,39,66,35,1108,0.55,0.8,0.74,0.05,13,0.26,0.2,0,,0.4,0.6,48,64,0.3,-38,0.7,-6,,0.2,8,51,231,4.58,C,202602
46830,140,126,0,266,,323,100,0.51,0.5,,,,357,0.49,0.5,,,,,0,,0.55,0.0,0.74,0.05,0,0.26,0.2,0,,0.4,0.6,0,286,0.3,-20,0.7,0,,0.2,,0,0,0.0,S,202602
46840,582,4,0,586,16,824,223,0.49,0.5,-14,25,47,826,0.51,0.5,0,0,63,649,199,1237,0.55,0.83,0.74,0.05,123,0.26,0.2,0,,0.4,0.6,322,309,0.3,277,0.7,238,,0.2,13,572,264,0.46,S,202602
46860,5,1,0,5,,613,82,0.6,0.5,,,,-47,0.4,0.5,,,,,0,,0.55,0.0,0.74,0.05,0,0.26,0.2,0,,0.4,0.6,0,10,0.3,-4,0.7,0,,0.2,,0,0,0.0,S,202602
46870,74,3,0,76,,585,155,0.66,0.5,,,,0,0.34,0.5,,,,,0,,0.55,0.0,0.74,0.05,0,0.26,0.2,0,,0.4,0.6,0,78,0.3,-1,0.7,0,,0.2,,0,0,0.0,S,202602
46880,37,2,0,39,,432,79,0.69,0.5,,,,-6,0.31,0.5,,,,,0,,0.55,0.0,0.74,0.05,0,0.26,0.2,0,,0.4,0.6,0,50,0.3,-12,0.7,0,,0.2,,0,1182,4923.61,C,202602
46890,6,1,0,7,,733,144,0.86,0.5,,,,0,0.14,0.5,,,,,0,,0.55,0.0,0.74,0.05,0,0.26,0.2,0,,0.4,0.6,0,27,0.3,-20,0.7,0,,0.2,,0,0,0.0,S,202602
46900,10,1,0,11,,660,8,0.92,0.5,,,,0,0.08,0.5,,,,,0,,0.55,0.0,0.74,0.05,0,0.26,0.2,0,,0.4,0.6,0,17,0.3,-7,0.7,0,,0.2,,0,0,0.0,S,202602
46910,0,,0,,,,156,0.75,0.5,,,,0,0.25,0.5,,,,,0,,0.55,0.0,0.74,0.05,0,0.26,0.2,0,,0.4,0.6,0,0,0.3,0,0.7,0,,0.2,,0,0,0.0,S,202602
47000,6072,199,284,6555,421,641,5573,0.72,0.5,29,329,291,9919,0.28,0.5,83,165,712,7266,2517,1422,0.55,0.69,0.74,0.05,1023,0.26,0.2,816,0.96,0.4,0.6,4356,8449,0.3,-1895,0.7,834,0.01,0.8,569,5760,5100,0.89,A,202602
47110,1944,22,0,1966,57,636,1016,0.67,0.5,-14,55,86,1606,0.33,0.5,60,97,143,2109,413,1682,0.55,0.63,0.74,0.05,56,0.26,0.2,54,0.48,0.4,0.6,523,2257,0.3,-291,0.7,298,0.01,0.6,86,906,1441,1.59,C,202602
47111,552,13,40,605,10,673,151,0.68,0.5,-12,22,,,0.32,0.5,,,,,203,1682,0.55,0.62,0.74,0.05,50,0.26,0.2,40,0.66,0.4,0.6,294,937,0.3,-333,0.7,30,,0.2,,324,889,2.75,C,202602
47113,1469,10,28,1506,,616,865,0.66,0.5,,,,,0.34,0.5,,,,,0,,0.55,0.0,0.74,0.05,0,0.26,0.2,0,0.38,0.4,0.6,0,1300,0.3,206,0.7,0,,0.2,,0,552,,C,202602
47130,577,20,76,673,,639,340,0.73,0.5,,,,721,0.27,0.5,,,,,0,,0.55,0.0,0.74,0.05,0,0.26,0.2,0,1.04,0.4,0.6,0,681,0.3,-7,0.7,0,0.01,0.6,,0,76,,C,202602
47150,376,14,0,390,34,679,304,0.8,0.5,8,33,8,189,0.2,0.5,6,9,42,432,224,1361,0.55,0.71,0.74,0.05,174,0.26,0.2,88,0.92,0.4,0.6,486,443,0.3,-54,0.7,68,0.01,0.8,34,587,116,0.2,S,202602
47170,386,11,0,397,46,696,534,0.77,0.5,1,28,30,1165,0.23,0.5,19,0,75,472,201,1330,0.55,0.71,0.74,0.05,150,0.26,0.2,81,0.96,0.4,0.6,432,552,0.3,-156,0.7,40,0.0,1.0,75,548,683,1.25,B,202602
47190,1851,24,140,2015,31,611,448,0.78,0.5,-7,32,76,5237,0.22,0.5,-11,9,108,2123,485,1513,0.55,0.71,0.74,0.05,112,0.26,0.2,46,0.32,0.4,0.6,643,2017,0.3,-2,0.7,429,0.01,0.8,86,1158,1984,1.71,C,202602
47210,131,4,0,135,31,668,309,0.8,0.5,9,25,13,445,0.2,0.5,16,1,44,179,75,1377,0.55,0.68,0.74,0.05,41,0.26,0.2,37,1.34,0.4,0.6,153,239,0.3,-104,0.7,-1,0.0,1.0,44,196,403,2.05,C,202602
47230,228,25,0,253,,494,169,0.74,0.5,,,,2,0.26,0.5,,,,,0,,0.55,0.0,0.74,0.05,0,0.26,0.2,0,1.25,0.4,0.6,0,310,0.3,-57,0.7,0,0.0,1.0,,0,0,,C,202602
47250,59,8,0,67,,710,96,0.78,0.5,,,,3,0.22,0.5,,,,,0,,0.55,0.0,0.74,0.05,0,0.26,0.2,0,2.54,0.4,0.6,0,139,0.3,-72,0.7,0,0.01,0.8,,0,0,,C,202602
47280,46,2,0,48,,721,130,0.75,0.5,,,,0,0.25,0.5,,,,,0,,0.55,0.0,0.74,0.05,0,0.26,0.2,0,2.92,0.4,0.6,0,86,0.3,-37,0.7,0,0.0,1.0,,0,0,,C,202602
47290,1878,45,0,1922,,722,656,0.64,0.5,,,,10,0.36,0.5,,,,,0,,0.55,0.0,0.74,0.05,0,0.26,0.2,0,0.36,0.4,0.6,0,1864,0.3,58,0.7,0,0.0,1.0,,0,0,,C,202602
47730,10,1,0,12,22,544,175,0.8,0.5,9,24,3,90,0.2,0.5,0,4,25,36,9,1122,0.55,0.75,0.74,0.05,2,0.26,0.2,0,,0.4,0.6,11,28,0.3,-16,0.7,-2,,0.2,5,14,77,5.41,C,202602
47750,8,1,0,9,,354,204,0.65,0.5,,,,0,0.35,0.5,,,,,0,,0.55,0.0,0.74,0.05,0,0.26,0.2,0,,0.4,0.6,0,18,0.3,-9,0.7,0,,0.2,,0,0,0.0,S,202602
47760,1,0,0,1,,,113,0.83,0.5,,,,0,0.17,0.5,,,,,0,,0.55,0.0,0.74,0.05,0,0.26,0.2,0,,0.4,0.6,0,5,0.3,-4,0.7,0,,0.2,,0,0,0.0,S,202602
47770,-2,0,0,-1,,631,202,0.78,0.5,,,,0,0.22,0.5,,,,,0,,0.55,0.0,0.74,0.05,0,0.26,0.2,0,,0.4,0.6,0,17,0.3,-19,0.7,0,,0.2,,0,12,48.61,C,202602
47820,15,1,0,16,,461,80,0.71,0.5,,,,53,0.29,0.5,,,,,0,,0.55,0.0,0.74,0.05,0,0.26,0.2,0,,0.4,0.6,0,21,0.3,-5,0.7,0,,0.2,,0,14,58.33,C,202602
47830,30,5,0,35,8,518,81,0.73,0.5,1,8,10,463,0.27,0.5,0,0,18,52,12,1083,0.55,0.77,0.74,0.05,0,0.26,0.2,0,,0.4,0.6,12,52,0.3,-17,0.7,3,,0.2,4,18,154,8.37,C,202602
47840,15,1,0,16,8,655,-10,0.83,0.5,11,15,1,0,0.17,0.5,0,4,9,26,15,1169,0.55,0.73,0.74,0.05,0,0.26,0.2,0,,0.4,0.6,15,20,0.3,-3,0.7,3,,0.2,2,19,47,2.4,C,202602
47850,228,9,0,238,,450,133,0.63,0.5,,,,-112,0.37,0.5,,,,,0,,0.55,0.0,0.74,0.05,0,0.26,0.2,0,,0.4,0.6,0,420,0.3,-183,0.7,0,,0.2,,0,0,0.0,S,202602
47900,107,3,0,109,,779,190,0.49,0.5,,,,0,0.51,0.5,,,,,0,,0.55,0.0,0.74,0.05,0,0.26,0.2,0,,0.4,0.6,0,102,0.3,8,0.7,0,,0.2,,0,0,0.0,S,202602
47920,1,1,0,2,,585,228,0.67,0.5,,,,0,0.33,0.5,,,,,0,,0.55,0.0,0.74,0.05,0,0.26,0.2,0,,0.4,0.6,0,18,0.3,-16,0.7,0,,0.2,,0,0,0.0,S,202602
47930,27,1,0,28,16,634,139,0.73,0.5,2,17,5,47,0.27,0.5,5,6,20,48,8,1195,0.55,0.79,0.74,0.05,0,0.26,0.2,0,,0.4,0.6,8,59,0.3,-32,0.7,-3,,0.2,4,9,93,10.31,C,202602
47940,3,,0,,,,36,1.0,0.5,,,,0,0.0,0.5,,,,,0,,0.55,0.0,0.74,0.05,0,0.26,0.2,0,,0.4,0.6,0,3,0.3,-1,0.7,0,,0.2,,0,0,0.0,S,202602
48000,10070,301,1052,11423,125,799,2526,0.69,0.5,-230,134,408,9406,0.31,0.5,329,107,533,11956,4925,1475,0.55,0.7,0.74,0.05,2785,0.26,0.2,1110,0.6,0.4,0.6,8820,12074,0.3,-651,0.7,2217,0.01,0.8,426,11463,7032,0.61,A,202602
48170,1282,14,0,1296,,927,53,0.82,0.5,,,,29,0.18,0.5,,,,,0,,0.55,0.0,0.74,0.05,0,0.26,0.2,0,0.55,0.4,0.6,0,1412,0.3,-116,0.7,0,0.0,1.0,,0,377,,C,202602
48220,72,7,0,79,,580,15,0.79,0.5,,,,118,0.21,0.5,,,,,0,,0.55,0.0,0.74,0.05,0,0.26,0.2,0,0.72,0.4,0.6,0,385,0.3,-306,0.7,0,0.01,0.8,,0,0,,C,202602
48240,366,3,259,629,,536,222,0.59,0.5,,,,185,0.41,0.5,,,,,0,,0.55,0.0,0.74,0.05,0,0.26,0.2,0,0.88,0.4,0.6,0,427,0.3,201,0.7,0,0.01,0.6,,0,0,,C,202602
48250,2552,60,22,2634,11,741,297,0.72,0.5,-42,20,94,2687,0.28,0.5,66,28,105,2738,875,1489,0.55,0.71,0.74,0.05,283,0.26,0.2,75,0.27,0.4,0.6,1233,2323,0.3,311,0.7,649,0.01,0.6,63,1945,2091,1.07,B,202602
48270,200,18,0,218,,654,158,0.78,0.5,,,,45,0.22,0.5,,,,,0,,0.55,0.0,0.74,0.05,0,0.26,0.2,0,1.65,0.4,0.6,0,250,0.3,-32,0.7,0,0.01,0.6,,0,127,,C,202602
48310,631,102,60,793,,512,523,0.66,0.5,,,,57,0.34,0.5,,,,,0,,0.55,0.0,0.74,0.05,0,0.26,0.2,0,0.41,0.4,0.6,0,951,0.3,-158,0.7,0,0.01,0.8,,0,562,,C,202602
48330,2729,35,234,2999,50,773,386,0.66,0.5,35,52,51,1248,0.34,0.5,3,45,101,3100,738,1553,0.55,0.66,0.74,0.05,77,0.26,0.2,31,0.16,0.4,0.6,846,2066,0.3,933,0.7,840,0.0,1.0,101,1788,684,0.38,S,202602
48120,3226,45,0,3272,-60,967,301,0.63,0.5,-156,-88,260,4813,0.37,0.5,212,-29,200,3472,2280,1437,0.55,0.73,0.74,0.05,1694,0.26,0.2,343,0.36,0.4,0.6,4317,4148,0.3,-876,0.7,461,0.0,1.0,200,4978,2983,0.6,A,202602
48121,-886,2,103,-782,,1121,-138,0.61,0.5,,,,,0.39,0.5,,,,,0,,0.55,0.0,0.74,0.05,0,0.26,0.2,0,0.5,0.4,0.6,0,273,0.3,-1055,0.7,0,,0.2,,0,802,,C,202602
48123,2944,26,300,3270,-32,1232,79,0.6,0.5,-62,-50,,,0.4,0.5,,,,,839,1653,0.55,0.73,0.74,0.05,667,0.26,0.2,40,0.11,0.4,0.6,1546,1765,0.3,1505,0.7,1156,,0.2,,2701,792,0.29,S,202602
48125,767,4,0,771,,743,262,0.64,0.5,,,,,0.36,0.5,,,,,0,,0.55,0.0,0.74,0.05,0,0.26,0.2,0,0.52,0.4,0.6,0,751,0.3,21,0.7,0,,0.2,,0,0,,C,202602
48127,313,5,14,333,,820,56,0.57,0.5,,,,,0.43,0.5,,,,,0,,0.55,0.0,0.74,0.05,0,0.26,0.2,0,0.41,0.4,0.6,0,695,0.3,-363,0.7,0,,0.2,,0,0,,C,202602
48129,744,14,0,758,2,739,42,0.77,0.5,-6,2,,,0.23,0.5,,,,,292,1423,0.55,0.72,0.74,0.05,173,0.26,0.2,42,0.38,0.4,0.6,508,869,0.3,-112,0.7,132,,0.2,,639,1390,2.17,C,202602
48720,7,1,0,8,,655,114,0.92,0.5,,,,0,0.08,0.5,,,,,0,,0.55,0.0,0.74,0.05,0,0.26,0.2,0,,0.4,0.6,0,17,0.3,-9,0.7,0,,0.2,,0,13,54.17,C,202602
48730,0,9,0,9,,526,29,0.68,0.5,,,,0,0.32,0.5,,,,,0,,0.55,0.0,0.74,0.05,0,0.26,0.2,0,,0.4,0.6,0,109,0.3,-100,0.7,0,,0.2,,0,0,0.0,S,202602
48740,13,4,0,16,,484,152,0.71,0.5,,,,1,0.29,0.5,,,,,0,,0.55,0.0,0.74,0.05,0,0.26,0.2,0,,0.4,0.6,0,72,0.3,-56,0.7,0,,0.2,,0,50,208.33,C,202602
48820,21,2,60,84,7,490,21,0.65,0.5,6,11,9,254,0.35,0.5,2,4,16,100,36,1010,0.55,0.87,0.74,0.05,8,0.26,0.2,0,,0.4,0.6,44,50,0.3,34,0.7,34,,0.2,3,81,66,0.82,A,202602
48840,3,0,0,3,,537,-8,0.68,0.5,,,,0,0.32,0.5,,,,,0,,0.55,0.0,0.74,0.05,0,0.26,0.2,0,,0.4,0.6,0,19,0.3,-15,0.7,0,,0.2,,0,25,105.56,C,202602
48850,0,1,0,1,,408,30,0.72,0.5,,,,0,0.28,0.5,,,,,0,,0.55,0.0,0.74,0.05,0,0.26,0.2,0,,0.4,0.6,0,24,0.3,-23,0.7,0,,0.2,,0,0,0.0,S,202602
48860,12,2,0,14,,629,34,0.76,0.5,,,,16,0.24,0.5,,,,,0,,0.55,0.0,0.74,0.05,0,0.26,0.2,0,,0.4,0.6,0,18,0.3,-4,0.7,0,,0.2,,0,26,106.94,C,202602
48870,8,1,0,9,,725,0,0.8,0.5,,,,-3,0.2,0.5,,,,,0,,0.55,0.0,0.74,0.05,0,0.26,0.2,0,,0.4,0.6,0,29,0.3,-20,0.7,0,,0.2,,0,11,47.22,C,202602
48880,111,2,0,113,,657,150,0.82,0.5,,,,-44,0.18,0.5,,,,,0,,0.55,0.0,0.74,0.05,0,0.26,0.2,0,,0.4,0.6,0,135,0.3,-22,0.7,0,,0.2,,0,16,66.67,C,202602
48890,0,1,0,1,,611,49,0.8,0.5,,,,0,0.2,0.5,,,,,0,,0.55,0.0,0.74,0.05,0,0.26,0.2,0,,0.4,0.6,0,19,0.3,-17,0.7,0,,0.2,,0,0,0.0,S,202602
50000,1349,25,0,1374,103,1289,191,0.83,0.5,63,197,40,721,0.17,0.5,4,77,143,1517,334,2072,0.55,0.47,0.74,0.05,113,0.26,0.2,221,2.06,0.4,0.6,667,1046,0.3,328,0.7,256,0.02,0.4,57,980,1259,1.29,B,202602
50110,1025,18,0,1044,83,1357,232,0.89,0.5,34,147,27,652,0.11,0.5,4,52,109,1153,274,2072,0.55,0.48,0.74,0.05,113,0.26,0.2,171,1.85,0.4,0.6,558,813,0.3,231,0.7,195,0.02,0.4,44,796,1221,1.53,C,202602
50130,301,7,0,308,,1032,-41,0.68,0.5,,,,69,0.32,0.5,,,,,0,,0.55,0.0,0.74,0.05,0,0.26,0.2,0,2.77,0.4,0.6,0,220,0.3,88,0.7,0,0.02,0.4,,0,38,,C,202602
